resMealType_en,resMealType,resDistinction_en,resDistinction,resOpinion_en,resOpinion
Korean,한식,Three MICHELIN Stars,미쉐린 3스타,Rooted in the time-tested wisdom of traditional Korean cuisine Gaon’s menu presents dishes made with authentic ingredients. The chef Kim Byoung-jins unique interpretation and confidence in his own culinary research is intuitively embedded in the establishment’s distinctive cuisine. The quiet restful and elegant dining space as well as refined service make for ideal companions to Gaon’s culinary offerings. Private dining rooms dedicated to social and business gatherings coupled with a newly expanded dining hall provide patrons with an array of cozy dining nooks.,가온은 오래전부터 이어져온 전통 한식의 지혜를 한국의 자연에서 얻은 식재료에 담아 요리로 만들어낸다. 이 과정을 주도하는 셰프는 음식에 대한 남다른 해석과 음식 연구에 대한 확신을 통해 가온에서만 경험할 수 있는 한식의 맛을 고객에게 전달한다. 가온을 이끄는 김병진 셰프와 한식 문화에 대한 자부심을 다양한 활동으로 표현해온 광주요의 하모니는 이러한 방식으로 현대적인 한식의 특징을 보여주고 있다. 정적이고 차분한 분위기가 어우러진 우아한 다이닝 공간과 서비스도 가온의 음식과 좋은 궁합을 자랑한다. 넓게 확장된 다이닝홀에는 각종 모임이나 비즈니스에 적합한 별실이 마련되어 있어 손님들에게 편안한 식사 환경을 제공한다.
Korean,한식,Three MICHELIN Stars,미쉐린 3스타,Time-honored traditions of Korean cuisine are given a contemporary touch at La Yeon. Located on the 23rd floor of The Shilla Hotel this refined dining space offers stunning vistas over Namsan Park. Its the detail here that are noteworthy from the fine tableware to the attentive service. Hansik and wine pairings elevate the dining experience to another level.,품격 있는 한식 정찬을 선보이는 라연은 전통 한식을 현대적인 조리법으로 세련되게 표현해낸다. 전망 좋은 신라호텔 23층에 자리해 시원한 남산 경관을 감상할 수 있는 이곳은 한국의 전통 문양을 활용한 기품 있는 인테리어가 인상적이다. 우아하고 편안한 식사 경험을 제공하기 위해 구비한 고급 식기와 백자를 형상화한 그릇은 레스토랑이 지향하는 또 다른 차원의 섬세함을 잘 드러낸다. 현대적으로 재해석한 메뉴에 와인을 조합해 즐길 수 있으며 요구하지 않아도 세심한 배려가 돋보이는 서비스는 이곳의 또 다른 매력이다.
Korean,한식,Two MICHELIN Stars,미쉐린 2스타,Chef Kwon Woo-joong’s homage to tradition is evident in every facet of Kwonsooksoo even in the name itself (sooksoo is an archaic term for professional cook). Inspired by time-honored methods of cooking Kwon digs deep into his own roots. He tirelessly scours the country for rare finds that best represent each of the seasons and transforms even the most mundane ingredients into something special. What the diners get to experience is passion on a plate coupled with a good dose of ingenuity.,전문 조리사를 뜻하는 숙수에서 착안해 이름 지은 권숙수는 권우중 셰프의 한식 레스토랑이다. 이곳에선 한식의 기본 맛을 좌우하는 장 젓갈 식초 등을 직접 담가 사용하는데 이러한 정성이 권숙수만의 기품 있는 요리를 완성한다. 제철 식재료 중에서도 좀 더 진귀한 재료를 선별하고 흔한 식재료일지라도 창의적인 조합을 통해 새로운 요리로 탄생시키는 권 셰프의 노력과 열정을 곳곳에서 발견할 수 있다. 좋은 음식을 위해서라면 일절 타협하지 않는 숙수의 고집이 고스란히 녹아 있는 이곳에서 한식의 깊은 맛을 느껴보길.
Innovative,이노베이티브,Two MICHELIN Stars,미쉐린 2스타,When Chef Sung Anh moved his Mosu San Francisco to Seoul he wanted to bring a different kind of diversity to the table. Different as the food may be Anh continues to do what he does best highlighting the subtle nuances of seasonal produce on a plate. Burdock bark the signature dish features a single burdock chip prepared by coating a thinly shaved sheet of burdock root with syrup dehydrating it and repeating the process several times to render it supremely crisp. Enhance your dining experience with the wine pairings.,다양한 문화가 공존하는 샌프란시스코에서 보여주었던 음식과 차별화된 다양성을 선보이는 한남동 모수. 안성재 셰프는 재료의 섬세한 뉘앙스를 감각적으로 표현해내는 장기를 지니고 있다. 1스타 모수 샌프란시스코에서 선보였던 우엉 메뉴는 어머니가 만들어주시던 반찬에서 영감을 얻은 요리로 얇게 깎은 우엉에 시럽을 발라 말리는 과정을 수차례 반복해 바삭한 식감을 자랑한다. 섬세하고 단아한 이곳의 요리와 잘 어울리는 와인 페어링 또한 근사한 다이닝 경험을 선사할 것이다.
Contemporary,컨템퍼러리,Two MICHELIN Stars,미쉐린 2스타,Chef Kang Min-goos keen eye for detail shines in Mingles from the ceramic ware that highlights the beauty of Korean cuisine to the warm luxury of empty space apparent in the interior design. From the beginning Kang has marched to the beat of his own drum breaking down barriers by marrying the old with the new but always with a deep respect for tradition. His journey and evolution continues with dishes like Abalone and Cabbage Seon and Fish Mandu showcasing the creativity of the chef and his talented team.,따뜻한 여백의 미가 돋보이는 밍글스. 실내 디자인 한국 음식의 정갈한 멋을 한층 더 살려 주는 도예 기물 여기에 주방을 이끄는 강민구 셰프의 젊고 감각적인 재능까지 다양한 전문가들의 감각과 감성이 하나의 공간에 모여 있다. 초창기부터 뚜렷한 한국적 색채를 기반으로 전통과 현대의 경계를 자유롭게 넘나들며 밍글스만의 맛과 멋을 창조해온 강민구 셰프는 새로운 공간에서 한 걸음 더 진화된 요리를 선보인다. 밍글스만의 독특한 매력은 전복 배추선과 어만두처럼 경계를 허무는 요리에서 정점을 이룬다. 김민성 매니저가 이끄는 서비스 팀의 배려 깊은 고객 응대 역시 레스토랑의 가치를 한층 더 높여 준다.
Innovative,이노베이티브,Two MICHELIN Stars,미쉐린 2스타,Chef Kim Jin-hyuk continues to attract discerning gourmets with his whimsically creative and modern offerings. His reverence for seasonal ingredients his attention to balance and his delicate yet assertive sauces come together like a symphony that pairs well with both wine and sake. The L-shaped counter with ample seating the gleaming open kitchen the spacious dining hall and the private dining room each do their part to make the diners feel comfortable. Be sure to reserve ahead.,늘 과감하고 창의적인 요리로 미식가들의 발길을 유혹하는 알라 프리마. 오픈된 주방이 한눈에 들어오는 넓은 카운터 테이블과 쾌적한 다이닝 홀 그리고 프라이빗 다이닝 공간이 모던하게 펼쳐진다. 재료를 생명으로 여기는 김진혁 셰프의 요리는 깔끔한 소스 맛의 밸런스 그리고 계절 식재료들의 향연이라 할 수 있다. 와인뿐만 아니라 사케와도 잘 어울리는 이 곳의 모던 퀴진을 경험하려면 예약은 필수다.
Contemporary,컨템퍼러리,Two MICHELIN Stars,미쉐린 2스타,Chef Hyunmin Suh knows about French cuisine. But after spending many years in New Yorks finest French kitchens he wanted to discover his own style. He began that journey of self-discovery in his native Korea. The food at LImpression is the outcome of a tireless exploration of his own roots evident in his use of aged and fermented condiments. Inspired by tradition he may be but the chef is also unafraid of crossing boundaries. Complete with a beautiful view overlooking a lush urban park the cozy interior is inspired by Eastern design sensibilities. Service is attentive from start to finish.,뉴욕에서 오랜 시간 프렌치 요리의 진수를 연마해온 서현민 셰프. 그는 자신만의 요리를 만들고 싶었고 그 답을 찾기 위한 여정을 모국인 한국에서 시작했다. 임프레션의 요리에는 발효와 숙성에 대한 셰프의 끊임없는 고민과 연구 그리고 경험이 고스란히 담겨 있다. 계절의 변화를 느낄 수 있는 도심 속 공원의 아름다운 풍경은 동양적 감각이 깃든 모던한 다이닝 공간과 어우러지면서 아늑한 느낌을 자아낸다. 식사의 시작부터 끝까지 이어지는 섬세한 서비스와 감각적인 요리가 수준 높은 다이닝 경험을 제공한다. 본질을 지키면서 다양한 경계를 넘나드는 요리를 통해 임프레션의 색채를 느껴 보자.
Contemporary,컨템퍼러리,Two MICHELIN Stars,미쉐린 2스타,Touted as a pioneer of modern Korean fine dining Chef Yim Jung-sik — with his Seoul and New York restaurants - is credited for introducing Korean cuisine to the world with an innovative flair that is entirely his own. What Yim does best is drawing inspiration from the familiar — gimbap bibimbap platter of nine delicacies and napa wraps with pork — and creating something unexpected yet surprisingly evocative and authentic. Whimsical desserts a good wine list and attentive service — Jungsik has it all.,모던 한식 파인 다이닝을 개척한 장본인이라 평가받는 임정식 셰프는 자신의 이름을 내건 정식당 서울과 정식당 뉴욕을 통해 새롭고 창의적인 한식을 세계에 알리고 있다. 김밥 비빔밥 구절판 보쌈 등 대중들이 친근하게 여기는 다양한 한식 요리에서 영감을 얻어 재해석한 독창적인 메뉴는 한국인에게 익숙한 맛을 기발하게 풀어내는 방식으로 한식의 맛과 멋을 동시에 만족시킨다. 독특한 디저트와 훌륭한 구성의 와인 리스트 그리고 배려심 깊은 서비스 등 즐거운 식사를 위한 요소들이 두루 갖춰진 곳이다.
Sushi,스시,Two MICHELIN Stars,미쉐린 2스타,The serene and reposeful space in Kojima allows patrons to concentrate solely on their sushi. A perfect match between shari (rice) and neta (fish topping) replete with the integral taste of the ingredients the diner’s plump sushi somehow resembles its creator Chef Park Kyung-jae. Prepared from ingredients that change daily the sushi has an unadorned and fine taste that is seemingly plain yet flavorful and brims with umami. Be sure to make a reservation if you wish to relish the art of Kojima’s elegant items.,조용하고 차분한 공간에서 오롯이 스시에만 집중할 수 있는 코지마. 재료 본연의 맛을 최대한 살리면서 샤리(밥)를 네타(생선)의 크기에 맞춰 소담하게 쥐어 주는 스시는 박경재 셰프 본인의 모습과도 어딘가 닮아 있다. 꾸미지 않은 맛 단순해 보이지만 여러 가지 맛이 담겨 있는 박 셰프의 스시는 매일 바뀌는 재료 본연의 맛을 최대한 끌어올려 풍부한 감칠맛을 보여 준다. 기품 있는 코지마의 스시를 맛보고 싶다면 예약은 필수다.
Contemporary,컨템퍼러리,One MICHELIN Star,미쉐린 1스타,Located on the 26th floor of LEscape Hotel LAmant Secret (French for secret lover) is an intimate space inspired by Parisian sensibilities. Chef Son Jong-won who honed his culinary chops in the United States strives for a style which he refers to as Korean-style Western cuisine. His modern interpretations are based on local ingredients blended with Western cooking techniques resulting in creations that are both original and familiar respectful of the symbiosis between the producer and the ingredients as well as the kitchen and the diner.,비밀스러운 연인을 뜻하는 라망 시크레. 레스케이프 호텔 26층에 자리 잡고 있는 이곳은 그 이름처럼 비밀스러운 분위기의 공간에 세련된 인테리어로 손님들을 맞는다. 미국에서 오랜 경력을 쌓고 돌아온 손종원 셰프는 한국 스타일의 양식을 현대적으로 풀어 낸다. 한국의 다양한 식재료를 서양 요리의 테크닉과 접목시켜 만들어 내는 음식은 신선하면서도 사뭇 익숙하게 다가온다. 라망 시크레에서는 좋은 재료와 그 재료를 공급하는 생산자의 마음이 주방을 거쳐 손님에게 전달되는 소통 과정을 중시하는 셰프의 마음을 느낄 수 있다.
Japanese,일식,One MICHELIN Star,미쉐린 1스타,Tucked away in a back alley of glitzy Cheongdam-dong Muni is helmed by Chef Kim Dong-wook who started working in kitchens to make ends meet. To quench his growing thirst for knowledge in Japanese cuisine Kim left for Japan to hone his skills which would one day lay the foundation for this restaurant. To describe his style of cooking as textbook kaiseki is overkill but his respect for tradition is evident including in the way he utilizes seasonal ingredients and the way he plates his creations. The chef is a certified sake sommelier (Kikisake-shi) so ask for recommendations.,화려한 청담동의 뒷골목에서 무심코 지나치기 십상인 일본 요리 전문점 무니. 현실적인 이유로 주방에서 일을 하기 시작했다는 김동욱 셰프는 처음부터 오로지 일식에만 집중했고 나날이 커져가는 요리에 대한 갈증을 해소하기 위해 일본으로 떠났다. 가이세키의 정석이라고 표현하기에는 한계가 있는 것이 사실이다. 하지만 자신이 부지런히 수집해온 그릇에 제철 요리를 담아 계절감을 뚜렷하게 표현해 내는 등 그의 요리에는 전통적인 요소들이 녹아 있다. 일본 니혼슈 소믈리에(키키사케시) 자격증을 취득한 그에게 요리와 어울릴 만한 사케를 추천받는다면 한층 더 풍성한 다이닝을 경험할 수 있을 것이다.
Japanese,일식,One MICHELIN Star,미쉐린 1스타,From the simple elegant interior to the refined details that highlight the seasonality of the menu chefs Kwon Young-woon and Kim Bo-mi are devoted to providing their customers with an authentic Japanese dining experience. The omakase menu at Mitou changes on a monthly basis as they showcase some of the best local ingredients at the height of their freshness. The restaurants two signature courses are the soup dish owan and the seasonal rice dish gohan. The warm and engaging nature of the chefs meticulously plating up the dishes behind the open counter is part of the restaurants charm.,입구에 들어서는 순간부터 일본의 전통 요리집 분위기가 물씬 풍기는 미토우. 레스토랑의 단아한 인테리어가 권영운 김보미 셰프의 정갈한 일본 요리와 조화를 이룬다. 미토우의 오마카세는 신선한 한국의 제철 식재료를 사용하기 때문에 메뉴가 매달 조금씩 달라진다. 가장 맛있는 식재료를 손님에게 대접하고자 하는 두 셰프의 끊임없는 도전 정신이 그대로 반영된 결과다. 미토우의 대표 요리는 국물 요리 오완과 솥밥이다. 일본에서 요리 공부를 하며 얻게 되었다는 진중한 수련의 자세와 겸손함 그리고 정진의 마음가짐이 미토우의 완성도 높은 요리에 고스란히 담겨 있다.
Contemporary,컨템퍼러리,One MICHELIN Star,미쉐린 1스타,Chef Kim Dae-chun’s cooking continues to diversify and deepen over time. The menu at this restaurant embodies the culinary direction he wishes to pursue largely thanks to his modern Korean preparations. Under the theme of fermentation and aging the essential attributes of Korean gastronomy the chef prepares ingredients with care and expertise. The 7th Door symbolises a gastronomic entrance to the seven tastes of food the first five being the five basic tastes; the sixth the taste of fermentation and aging; and the seventh the culinary sensibility of the chef.,김대천 셰프의 요리는 시간이 흐를수록 더욱 다양해지고 그 깊이를 더해 간다. 7th Door의 요리에서는 셰프가 지향하는 한식의 방향성을 경험할 수 있다. 그는 한식의 특징인 발효와 숙성을 주제로 삼아 자신만의 노하우와 정성을 담아 요리에 쓰일 재료를 준비한다. 이러한 과정을 거쳐 음식이 고객의 테이블에 오르기까지 김대천 셰프의 집중력과 아이디어가 요리에 재치 있게 녹아들고 셰프의 이런 재치와 위트가 식사와 식사 사이에 재미를 더한다. 맛의 5가지 표현과 요리의 주제인 발효와 숙성 그리고 셰프의 감각 이 7가지 테마의 어우러짐은 미식의 즐거움을 기대하게 한다.
Spanish,스패니시,One MICHELIN Star,미쉐린 1스타,At Terreno authentic Spanish cuisine is juxtaposed against the chef’s sense of naturalism. Featuring ingredients grown on his own farm the restaurant’s fare is Spanish with a touch of seasonal Korean sensibilities. The chefs mission is to maintain the fundamentals of Spanish cooking and its traditional flavors while diligently preserving the inherent aromas textures and culinary properties of the seasonal ingredients he grows. These efforts create distinct and delightful dishes that can be relished in the poised dining space adorned with artistic and organic elements.,스페인 요리에 셰프의 자연주의 감성이 더해진 매력적인 요리를 선보이는 떼레노. 셰프가 직접 운영하는 농장의 식재료를 위주로 스페인 요리에 한국의 계절감을 입혔다. 스페인 퀴진의 기본과 전통의 풍미는 지키면서도 직접 키운 제철 재료가 그 본연의 향과 식감 특성을 잃지 않게 하는 데 많은 연구와 노력을 기울인다. 이러한 요소들이 어우러져 맛의 즐거움을 느낄 수 있는 스페인 요리가 만들어진다. 예술과 자연을 주제로 꾸민 떼레노의 공간이 차분한 분위기의 다이닝 환경을 연출한다.
French,프렌치,One MICHELIN Star,미쉐린 1스타,Since 2006 Chef Jang Myoung-sik has welcomed diners with his consistently warm and comforting French cuisine. At this new location Jang continues to serve up his passion for French cooking on a plate. Signature dishes include steamed Wando abalone served with abalone intestine espuma fragrant garlic purée and pickled celery as well as crispy saffron arancini.,2006년부터 정성의 온기가 담긴 프렌치 퀴진을 선보여온 장명식 셰프의 라미띠에. 변함없는 안정감을 보여주는 이 곳은 촉촉하게 쪄낸 완도산 전복에 전복 내장 에스푸마와 향긋한 마늘 퓨레 셀러리 피클을 곁들인 전복 요리 그리고 샤프란 향이 매력적인 리소토에 빵가루를 입혀 바삭하게 튀겨낸 아란치니는 라미띠에의 요리가 가진 특징을 잘 보여주는 시그니처 메뉴다. 오랜 시간이 흘러도 한결같은 셰프의 열정을 라미띠에의 요리에서 경험해 보기를 바란다.
Contemporary,컨템퍼러리,One MICHELIN Star,미쉐린 1스타,Myomi’s second act set in a gorgeous space with a view of Changdeokgung Palace is an experience that diners eagerly await. Chef Kim Jeong-muks use of Korean ingredients and cooking techniques remain unchanged but the chef has added subtle new inflections to his dishes as the venue’s name Myomi (subtle charm) fittingly suggests. To sample these modern touches opt for the restaurants punch—a mixture of fruit syrup radish water kimchi broth as well as fresh fruit like peach and watermelon.,창덕궁이 보이는 아름다운 공간에서 묘미의 2막이 시작 되었다. 주방의 바통을 이어받은 김정묵 셰프를 중심으로 이전과는 사뭇 다른 스타일을 보여준다. 한식 위주의 재료 사용과 요리 기법은 그대로 살리되 묘미라는 이름에 걸맞게 묘한 맛을 더함으로써 음식에 대한 현대적 해석을 시도한다. 이를테면 과일청을 섞은 동치미 국물 베이스에 복숭아와 수박 등을 넣어 화채로 만드는 식이다. 음식과 공간이 주는 힘을 느끼고 싶다면 예약은 필수이다.
Contemporary,컨템퍼러리,One MICHELIN Star,미쉐린 1스타,South African dialect for oak tree Muoki is Chef Park Moo-hyun’s restaurant. The name is a nod to the chef’s cosmopolitan background as well as his straightforward attitude when it comes to cooking. Park has a knack for incorporating new cooking methods into creating a mélange of unpredictable flavors and textures. Tomatoes seven ways five different kinds of carrot-based desserts and his take on Jeju-style hairtail and pumpkin soup are good examples of his creativity and insight. Be sure to book ahead.,남아프리카 공화국 방언으로 참나무를 뜻하는 무오키는 박무현 셰프의 우직한 성격을 그대로 반영한 곳이다. 세계 다양한 지역에서 요리 경험을 쌓은 박 셰프는 본인만의 스타일을 녹여낸 음식을 제공하고자 이곳을 오픈했다. 새로운 조리법으로 뻔하지 않은 맛과 질감의 조화를 표현해내는 것을 즐기는 그의 메뉴엔 재료에 대한 깊은 이해 없인 만들 수 없는 재미있는 요리들이 포함되어 있다. 7가지 방법으로 조리한 토마토 5가지 방식으로 만든 당근 디저트 그리고 제주식 갈치 호박국을 자신만의 방식으로 재해석한 요리 등이 그러한 예다. 그의 요리 세계가 궁금하다면 예약 후 들러볼 것.
French,프렌치,One MICHELIN Star,미쉐린 1스타,In a rapidly changing city like Seoul where constancy can be elusive it is a breath of fresh air when a chef is unfazed by the latest trends and remains true to what he believes in. French restaurant Votre Maison — French for your home — gives diners the kind of faith that certain things do remain constant. For Chef Park Min-jae a veteran in Seouls French culinary scene the time and money customers invest to come and taste his food is valuable. Park believes that this is the most important mindset a chef must have. Come for the classic French food as well as the warm service.,유행에 흔들림 없이 묵묵히 한길만 걸어온 박민재 셰프의 보트르 메종. 모든 것이 빠르게 변하는 시대에 언제 찾아도 한결같은 프렌치 요리를 즐길 수 있을 것 같은 신뢰를 주는 레스토랑이다. 박민재 셰프는 고객의 소중한 시간과 돈을 가볍게 여기지 않는 마음가짐에서 좋은 음식이 만들어진다고 믿는다. 그래서인지 보트르 메종에서는 시작부터 마무리까지 기본에 충실하면서도 차분한 흐름의 코스 요리를 경험할 수 있다. 우아한 다이닝 공간 우직한 셰프의 신념이 담긴 프렌치 요리 여기에 편안한 서비스까지 즐길 수 있는 곳이다.
Korean,한식,One MICHELIN Star,미쉐린 1스타,Towering above Seoul on the 81st floor of the Signiel Seoul Hotel Bicena is trying to stay true to the spirit of traditional Korean fine dining. Bicena continues to respect the most fundamental details of slow Korean cuisine such as Jang (fermented sauces) and kimchi the outcome of time and nature doing their work. The views from the restaurant - officially the tallest traditional restaurant in the world - are unrivaled.,단아한 한식 다이닝을 선보이는 비채나. 이곳의 차별화된 맛은 시간과 정성이 깃든 장과 김치 등 가장 기본적인 것에서부터 시작된다. 현대적 이면서도 전통에 충실하며 고급스러운 메뉴에선 한식에 대한 셰프의 철학을 엿볼 수 있다. 여기에 전 세계에서 가장 높은 층에 위치한 한식 레스토랑에서 바라보는 서울 전경은 또 다른 즐거움이다.
Innovative,이노베이티브,One MICHELIN Star,미쉐린 1스타,Meaning well-groomed in French Soigné lives up to its name with its elegant menu inspired by global cuisine with distinct undertones of Korea’s culinary philosophy. Chef Lee Jun’s creations are both creative and modern but the local ingredients he uses always take on the starring roles in his meticulously curated episodes each with its own unique color and lyrical flow. Try the suggested wine pairings for the full gustatory experience.,Contemporary Cuisine of Seoul이라는 슬로건 아래 이준 셰프와 그의 팀이 선사하는 창의적인 요리를 만날 수 있는 스와니예. 전 세계 음식으로부터 영감을 얻은 요리를 선보이지만 기본 바탕은 한국적인 것이 특징이다. 바 형태의 좌석에 앉아 셰프들의 서빙을 받으며 교감할 수 있는 것도 이곳의 남다른 즐거움이다. 주기적으로 바뀌는 메뉴를 에피소드라고 표현하는데 고유한 주제의 각 에피소드는 마치 기승전결이 있는 한 편의 시를 감상하는 듯하다. 또한 각 에피소드에 맞는 와인 페어링도 세심하게 준비되어 있다.
French,프렌치,One MICHELIN Star,미쉐린 1스타,Perched on the 81st floor of Signiel Seoul Hotel STAY takes dining with a view’ to a whole new level with its sweeping vistas of the metropolis. STAY is celebrated Chef Yannick Alléno’s modern casual French restaurant a youthful and vibrant space accented with yellow and gold. The live Pastry Library is its signature feature that offers a tantalizing assortment of sweets and confections that guests can help themselves to.,옐로와 골드 컬러로 포인트를 준 경쾌하고 모던한 인테리어 전 좌석에서 감상할 수 있는 서울의 화려한 스카이라인. 시그니엘 81층에 위치한 STAY는 프렌치 파인 다이닝의 진수를 보여주는 세계적인 명성의 셰프 야닉 알레노의 모던 프렌치 레스토랑이다. 이곳에선 수준 높은 요리를 편안한 분위기에서 즐길 수 있는데 매주 새로운 요리를 하나씩 소개하며 계절마다 새로운 메뉴를 선보인다. 또한 레스토랑 중앙에 자리한 페이스트리 라이브러리에선 프렌치 요리의 피날레를 장식하는 디저트를 다양하게 즐길 수 있다.
Innovative,이노베이티브,One MICHELIN Star,미쉐린 1스타,After years of traveling researching and cooking Australian native Joseph Lidgerwood settled in Seoul. His fascination with local ingredients serves as the main inspiration behind the inventive offerings. Take for example the dish Freshwater Snails: blended to a purée-like consistency served atop a perilla leaf with cream sauce and custard made of wild mushrooms. Lidgerwood constantly pushes the boundaries of how a given ingredient should be cooked and further elevates the dining experience with traditional liquor pairings.,전 세계를 유랑하며 식재료를 탐구하고 요리와 팝업 경험을 쌓아온 호주 출신 요리사가 선보이는 맛은 어떨까? 한국의 식재료에 매료되어 서울에 정착했다는 조셉 리저우드 셰프에게 흔하고 식상한 재료란 존재하지 않는다. 한국인에게 익숙한 우렁이를 퓌레처럼 부드럽게 갈아 크림소스와 함께 깻잎에 올려 내는 우렁이나 직접 채취한 야생 버섯으로 만든 아이스크림 등 에빗의 메뉴는 리저우드만의 색다른 시각으로 재해석된 창의적인 요리로 가득하다. 식재료의 조리법에 대한 고정관념에서 벗어나고자 노력한다는 그의 요리는 정교하게 구성된 전통주 페어링과 함께할 때 더욱더 빛을 발한다.
French,프렌치,One MICHELIN Star,미쉐린 1스타,In Auprès the transition is made possible by the bold and active chef Ji-won Lee who is always in pursuit of fine ingredients. His research into their properties the simplification of ingredient preparation and recipes based on new culinary strategies creates a harmonious cuisine and reflects the chef’s sophisticated sensibility. In this light the kitchens culinary evolution is a result of strenuous efforts aimed at honing the fundamentals necessary to achieve ultimate gastronomic perfection. As the name Auprès (which means nearby in French) suggests it strives to remain approachable to patrons by preparing dishes that bring comfort to even the most refined palates.,오프레의 요리는 시간이 흐르면서 단정함과 자연스러움이 더해져 전보다 감각적이고 편안한 느낌의 요리로 변모해 왔다. 이러한 변화가 가능했던 것은 좋은 식재료를 발굴하려는 셰프의 과감하고 적극적인 의지 재료의 특성을 이해하기 위한 연구 이러한 노력이 반영된 재료 손질과 조리의 단순화 그리고 셰프의 감각이 발현된 재료와 소스가 함께 조화를 이루었기 때문이다. 이는 요리의 궁극적인 완성도를 위해 기본기를 착실하게 닦아 온 고된 노력의 결과물이다. 곁에라는 뜻의 상호처럼 고객 곁으로 다가가고자 하는 오프레의 요리는 미식가들에게 편안함을 안겨 준다.
Korean,한식,One MICHELIN Star,미쉐린 1스타,The elegant stonewalled-path of Gyeongbokgung Palace and a modern residential neighborhood stand directly across from each other. A road is all that lies between Seouls past and present coexisting side by side. The same contrast is again evident in the modern façade of Onjieum Matgongbang and elements of tradition one discovers inside. Helmed by Cho Eun-hee certified trainee of Korean royal court cuisine and researcher Park Seong-bae the space is both a research institute and restaurant. The food it offers clearly reflects the four distinct seasons and the refined beauty of Korean cuisine.,경복궁 돌담길이 가진 전통미와 온지음 맛공방이 위치한 주택가의 현대미가 길 하나를 사이에 두고 조화롭게 공존한다. 레스토랑 내부에서 확인할 수 있는 한국의 전통 의식주 양식 역시 모던한 외관과 대조를 이루며 과거와 현재가 공존하고 있음을 느끼게 한다. 온지음이 운영하는 식문화 연구소이자 레스토랑이기도 한 이곳에서는 조선 왕조 궁중 음식 이수자 조은희 방장과 박성배 연구원 그리고 이들이 이끄는 젊은 팀원들이 온고지신의 마음으로 한식의 전통을 이어가고 있다. 뚜렷한 사계절을 반영하는 음식에서 한식의 깊은 뿌리를 느낄 수 있고 오랜 연구 끝에 탄생한 아름다운 음식을 통해 감동을 얻을 수 있는 곳이다.
Chinese,중식,One MICHELIN Star,미쉐린 1스타,Inspired by the glitz and glamour of 1920s Shanghai interior designer André Fu’s dining room is drop-dead gorgeous with its alluring jade-colored walls marbled floors lavish furniture and refined tableware. The menu features mostly Cantonese dishes but also offers recipes from other Chinese regions. Highlights include Peking Duck crispy pork belly and Cantonese-style steamed sea bream. Their weekend dim sum brunch is extremely popular.,모던 중국 패션의 절정을 찍었던 1920년대 상하이. 그 화려함을 모티브 삼아 디자인한 중식 전문점 유 유안은 비취색과 금색 대리석의 은은하고 고급스러운 조화가 매력적인 곳이다. 입구를 지나면서 눈에 들어오는 오리 숙성고는 유 유안이 추구하는 요리의 콘셉트를 잘 보여준다. 광둥식 요리를 앞세우고 있지만 중국 내 다른 지역의 특색 있는 음식도 함께 선보인다. 이곳의 인기 메뉴는 베이징 덕으로 반 마리도 주문 가능하다. 주말 브런치도 인기를 끌고 있는데 유 유안의 수준 높은 딤섬 요리를 맛볼 수 있다.
Contemporary,컨템퍼러리,One MICHELIN Star,미쉐린 1스타,Chef Jang Kyung-won at Exquisine has a knack for reinventing flavors. His creativity is driven by his knowledge of local ingredients and understanding of the balance between each component which leads to dishes that are ultimately his own invention. The restaurant offers a single course menu for lunch and dinner that changes frequently depending on the availability of ingredients. The fresh herbs are from the restaurants garden. The space is small so make sure you call ahead to reserve a table.,장경원 셰프의 익스퀴진. 최대한 한국적인 재료를 사용하고 재료 각각의 개성에 초점을 맞춰 새로운 맛을 창조하고자 하는 셰프의 실험 정신이 그의 요리에 그대로 묻어난다. 레스토랑 내에서 직접 재배한 허브와 산지 직거래로 공급받는 싱싱한 재료로 만든 음식을 합리적인 가격에 제공한다. 점심 코스 메뉴와 저녁 코스 메뉴가 한 가지씩 준비되어 있고 식재료나 주방 사정에 따라 메뉴가 수시로 변경된다. 공간이 아담한 만큼 예약은 필수다.
Innovative,이노베이티브,One MICHELIN Star,미쉐린 1스타,Increasingly assertive and self-assured the evolution of Zero Complex is founded on Chef Lee Chung-hu’s philosophy that balance and harmony hold the key to great food. The outcome of his approach to cooking is authentic and creative dishes served in a near-sterile space that provides the blank canvas for Chef Lee’s inventions. Lee grows many of his own herbs and vegetables in the greenhouse in front of the restaurant building. The French sommelier’s natural wine pairings round out the flavors and textures bringing the meal full circle.,시간이 지날수록 제로 컴플렉스의 요리는 뚜렷한 색깔을 뽐낸다. 맛의 조화와 균형을 가장 중요시하는 이충후 셰프의 접근법은 개성 있고 창의적인 요리로 이어진다. 백지처럼 깨끗한 레스토랑의 인테리어도 이곳 음식의 한몫을 담당한다. 레스토랑 건물 앞에 온실을 만들어 각종 허브와 채소를 재배하는 정성과 재료 본연의 맛을 최대한 살리기 위해 활용하는 조리법에서 그의 고집스러운 요리 세계를 엿볼 수 있다. 내추럴 와인에 집중하는 소믈리에의 페어링 또한 이곳의 음식과 결을 함께한다.
Korean,한식,One MICHELIN Star,미쉐린 1스타,The name of the restaurant Joo Ok embodies the simple philosophy of Chef Shin Chang-ho which is to serve dishes that are as exquisite as precious gems. Shins culinary creations are a testament to how a citys food culture deeply rooted in tradition withstands the test of time. The restaurants most prized ingredients consist of some 30 different varieties of fermented condiments; shots of house-made vinegar are offered as an aperitif before the meal. The restaurants celebrated perilla oil is pressed from perilla seed harvested from his family farm in Jinju. Enjoy the great view of one of the most dynamic areas of the city.,구슬과 옥 같은 귀한 요리를 선보이고자 하는 신창호 셰프의 마음이 담긴 주옥. 시대의 흐름과 수요에 따라 한식의 모습은 진화하지만 장(醬)과 초(醋)처럼 오랜 전통을 가진 발효 문화는 쉽게 변하지 않는다. 주옥이 선보이는 음식의 출발점은 바로 직접 담가 발효시킨 30여 가지의 초와 장이다. 전국을 돌며 직접 조달한 식재료 그리고 진주의 가족 텃밭에서 손수 재배해 짠 들깨 기름 등에서 손님을 극진히 대접하고자 하는 신창호 셰프의 정성을 느낄 수 있다. 더 플라자 호텔 3층에 위치한 주옥의 새로운 공간에서 역동적인 서울 시내의 정취를 물씬 느껴보자.
Contemporary,컨템퍼러리,One MICHELIN Star,미쉐린 1스타,This Table uses a wide range of seasonal ingredients infused with optimal flavors from Taean South Chungcheong Province—the chef’s hometown. His affection for the region and genuine passion to serve the freshest and healthiest food to patrons are the reasons behind his use of such choice. The chef sometimes aided by the seasoned master is able to skillfully transform his hometown ingredients into exciting dishes and at other times there is minimal culinary intervention. Diners who visit are bound to relish the allure of this European cuisine imbued with the flair of Taean.,테이블 포포는 충남 태안의 풍광을 맞고 자란 농산물과 계절에 따라 맛의 절정을 보여 주는 각종 해산물이 특징이다. 셰프는 고향에 대한 애정은 물론 좋은 식재료를 고객에게 전하고자 하는 순수한 마음으로 태안의 우수한 식재료를 자신의 식탁에 옮겨 놓았다. 특히 태안에서 직접 농사를 짓는 셰프 가족의 노력이 셰프와 테이블 포포가 지향하는 로컬 푸드의 토대라 할 수 있다. 셰프는 자신의 노련한 솜씨를 가미하기도 하고 때로는 개입을 최소화하기도 하면서 태안의 식재료를 근사한 요리로 탈바꿈시킨다. 테이블 포포에서 태안의 풍미가 담긴 유러피안 퀴진의 매력에 빠져 보기 바란다.
French,프렌치,One MICHELIN Star,미쉐린 1스타,Internationally celebrated French Chef Pierre Gagnaire opened his eponymous contemporary fine dining restaurant on top of Lotte Hotel’s New Wing in 2008. The elegant dining space adorned with Murano chandeliers and gold trim walls exudes classic French luxury. The artfully presented food made with 80% local ingredients is respectful of the Paris-based chef’s creative style. With more than 250 labels the wine cellar display also impresses.,소공동 롯데 호텔 신관 최상층에 위치한 이곳은 프랑스 파리 출신의 세계적인 셰프 피에르 가니에르가 2008년 오픈한 프렌치 파인 다이닝 레스토랑이다. 고급 인테리어와 우아한 다이닝 공간을 자랑하는 이곳은 피에르 가니에르 셰프의 팀이 한국의 식재료를 바탕으로 만들어 내는 모던한 프랑스 요리를 선보이고 있다. 250여 종 이상의 고급 와인이 준비되어 있는 유리 와인 저장고와 모든 룸에서 내려다보이는 멋진 도심 경관은 시각적 즐거움도 충족시켜 준다. 정중하고 전문적인 서비스도 매력적이다.
Korean,한식,One MICHELIN Star,미쉐린 1스타,For a taste of the Korean past mingled with the present head over to Hansikgonggan a restaurant helmed by Chef Cho Hee-suk and co-run by Chef Jeong Gyeong-il. Hailed as the godmother of Korean cuisine Cho is committed to passing on her knowledge — based on years of experience and research — to the younger generation of chefs while interpreting the traditional flavors with contemporary sensibilities for the modern diner. Look forward to both the expected and the unexpected with a good dose of love and finesse.,창덕궁이 내려다보이는 아트 갤러리 아라리오 4층에 위치한 한식공간. 이곳에선 자타 공인 한식의 대모라 할 수 있는 조희숙 셰프와 정경일 셰프의 정성 가득한 한식을 맛볼 수 있다. 조 셰프는 오랜 세월에 걸쳐 축적된 노하우의 계승과 한식의 현대적 구현을 목표로 메뉴에 대한 전반적인 감독과 연출을 총괄하고 있다. 그 결과는 끊임없는 메뉴 개발과 연구의 결실로 대중에게 익숙한 요소와 잊혀져 가는 전통의 것을 시대 흐름에 맞게 표현한 맛의 향연이다. 한식의 맛과 멋을 한껏 즐길 수 있는 공간이다.
Korean,한식,Bib Gourmand,빕 구르망,Located in a quiet alley away from the touristy bustle of Insa-dong A Flower Blossom on the Rice is a restaurant that caters to the health-conscious diner serving wholesome home-cooked fare using only certified organic ingredients sourced straight from the farm. The signature dish at this restaurant is the Bojagi Bibimbap — a log of cooked rice topped with five different sautéed vegetables in their multi-colored glory encased in a crépe-thin egg omelet resembling a gift tied with a seaweed ribbon and presented with a single flower on top.,건강에 민감한 현대인들을 위해 친환경 유기농 재료만을 사용해 정갈한 한 끼 식사를 제공하는 꽃 밥에피다는 인사동에 위치한 한식 레스토랑이다. 식재료뿐 아니라 인테리어 담음새 등 구석구석 정성이 가득 느껴지는 이곳은 농인 법인에서 직접 운영하며 유기농 농장에서만 재료를 납품받는다. 이곳의 대표 메뉴는 노란 달걀 지단 보자기에 단아하게 싸여 나오는 보자기 비빔밥. 지단을 걷으면 한 송이 꽃이 피어 있는 듯 밥 위에 곱게 놓여 있는 색색가지 나물들이 눈부터 즐겁게 만든다.
Dubu,두부,Bib Gourmand,빕 구르망,Tucked away in Ahyeon-dong this hidden gem specializes in rustic homemade bean curd. The unctuously creamy bean curd is made from scratch daily at the crack of dawn. The secret to the elevated nuttiness of local soybeans that shine through in Hwanggeum Kongbat’s bean curd is the extra thick soymilk and reduced levels of the coagulant. With a desire to share healthy food with other people the proprietor also makes and sells homemade rich soybean paste stew and unrefined rice wine.,100% 국내산 콩과 소금으로 매일 새벽 당일 판매할 두부를 만드는 두부 전문점. 황금콩밭의 두부는 진한 두유와 소량의 간수를 사용해 콩 특유의 고소하면서도 달달한 맛과 우유처럼 부드러운 식감을 자랑한다. 출판사를 운영하는 작가 출신의 윤태현 대표는 본인이 즐기는 건강한 음식을 주변 사람들과 나누고픈 마음에 손수 담근 청국장과 쌀과 누룩 물 이외에는 아무것도 넣지 않은 전통 탁주도 함께 판매한다. 두부 전문점이지만 제주 무항생제 돼지고기 보쌈과 자연산 우럭찜도 이곳의 별미다.
Vegetarian,베지테리안,Bib Gourmand,빕 구르망,Base is Nice is a vegetarian-friendly restaurant. Chef/owner Jang Jin-a had a fairly long career overseas as a restaurant consultant food stylist and food & beverage planner. The diner’s natural ambience and well-balanced vegetable-centered dishes are proud manifestations of her lifelong culinary endeavors. Creations of rice and vegetables accompanied by soup and side dishes are refined and tasty. As Jang puts it the restaurant’s menu is a way to experience everyday food through a natural veggie-centered diet and not thanks to a conscious approach to vegetarianism. Reservation required.,채소 친화적 레스토랑인 베이스 이즈 나이스. 이곳의 주인장인 장진아 대표는 레스토랑 컨설턴트와 푸드스타일리스트 식음 기획자로 꽤 긴 시간을 해외에서 활동하였다. 이곳의 내추럴한 분위기와 채소를 중심으로 풀어낸 균형 잡힌 요리에는 그녀의 이런 경험이 오롯이 담겨 있다. 채소를 이용한 덮밥 스타일의 메뉴와 정갈하게 차려낸 국과 반찬은 깔끔하면서도 맛이 일품이다. 주인장의 표현처럼 이곳은 채식에 대한 의식적 접근이 아닌 자연스러운 채소 식생활과 일상 속의 미식을 경험할 수 있는 메뉴를 지향한다. 1인 운영 레스토랑이라 예약 손님만 받고 있으니 방문 전 예약은 필수다.
Korean,한식,Bib Gourmand,빕 구르망,Mr. Ahns Craft Makgeolli is a most befitting venue for the Korean term banju or alcohol accompanying a meal. What distinguishes this gastropub is its avoidance of the stereotypical Korean pubs and expression of the direction they should take—in this age of new Korean cuisine that is traditional yet imbued with a modern touch. At this charming spot patrons can enjoy seasonally changing menus of savory Korean anju (snacks paired with alcohol) main dishes as well as a wide selection of traditional liquors that simply get better with time. It’s a perfect place for both light meals and friendly social drinking—a versatile venue that appeals to distinct audiences.,식사에 술을 곁들이는 반주라는 한국적 표현이 잘 어울리는 안씨 막걸리. 이곳의 매력은 획일적인 한국식 주점에서 탈피하여 전통적이지만 모던하고 세련된 감각의 한식이 부상하는 시대에 발맞추어 한국 술집의 방향성을 잘 표현하고 있다는 점이다. 계절 변화에 맞춰 제공되는 맛깔스러운 한국 요리와 안줏거리들 여기에 시간과 함께 익어가는 한국의 술까지 편하게 즐길 수 있는 매력적인 곳이다. 가벼운 식사는 물론이고 흥겨운 술자리를 위한 장소로도 손색이 없다. 고객의 다양한 목적에 맞게 즐길 수 있는 레스토랑이다.
Yakitori,야키토리,Bib Gourmand,빕 구르망,This yakitori specialist is nestled in a quiet corner in Yeonnam-dong. Make your way inside to discover an elongated counter open kitchen and at its center Chef Kim Byoung-mook busy concentrating on grilling yakitori skewers over a charcoal as well as a straw fire. This visually arresting image of the chef standing under the intense lights that also illuminate the grill is reminiscent of an actor delivering a monologue on stage. The restaurants motto is plain and simple We prepare fresh purebred Korean chicken every day and grill our skewers over the highest-grade Japanese Binchotan charcoal and serve them immediately to our patrons.,고즈넉한 연남동에 위치한 야키토리 전문점. 실내에 들어서면 길게 펼쳐진 카운터 테이블과 오픈형 주방 그리고 그 중심에 있는 화로 앞에서 연신 숯불과 짚불을 이용해 구이에 집중하는 김병묵 셰프를 볼 수 있다. 화로를 비추는 밝은 조명 아래의 셰프는 마치 무대에서 독백을 하는 배우처럼 강렬한 시각적 흡입력을 보여준다. 그는 신선한 토종닭을 매일 손질하며 최고급 비장탄에 구워 즉시 손님에게 제공한다.는 본질에 집중한다. 셰프가 추구하는 그 본질이야말로 야키토리 묵의 가장 큰 매력이다. 1부와 2부로 나누어 오마카세만을 제공하기 때문에 예약은 꼭 필요하다.
Noodles,국수,Bib Gourmand,빕 구르망,Niroumianguan features a memorable juxtaposition of clean white and vibrant rust colors in its décor. Chinese beef noodle soup a popular delicacy across the Greater China region is commonly known to have originated from Taiwan but its real origin is Lanzhou in mainland China. As the chef learned the recipe from a noodle joint in China’s Shandong Province his restaurant serves up fare that is slightly different from the classic Taiwanese style. Add plenty of cilantro to the mildly sweet broth complete with a clean yet rich taste; or a dab of chili sauce to give your dish deeper flavor.,노포들이 즐비한 종각역 부근 청계천로에 위치한 우육면관은 작은 입구에 흰색과 적갈색의 인테리어가 시선을 끌어당긴다. 흔히 우육면은 대만 음식으로 알고 있지만 사실 우육면은 중국 란저우시에서 유래한 모든 중화권의 대중적인 음식이다. 이곳에서는 셰프가 중국 산동성에서 직접 전수받은 레시피를 사용하여 대만식과는 조금 다른 우육면을 선보인다. 깔끔하고 진하면서 살짝 단맛이 도는 국물에 고수를 듬뿍 올려 먹거나 라장을 추가하여 좀 더 진한 맛을 즐길 수 있다. 단일 메뉴만 판매하나 중국식 물만두와 오이소채를 곁들여 먹을 수 있으니 참고하길.
Mandu,만두,Bib Gourmand,빕 구르망,Established in 1970 by an elderly Gaeseong native this restaurant has been serving Gaeseong-style dumplings for three generations. The dumplings here are large plump and filled with a generous amount of shredded napa cabbage and mung bean sprouts. The soup broth is made with beef brisket and the owners prepare the dumplings by hand daily with the freshest ingredients. The traditional Korean hanok setting is both charming and elegant.,1970년 개성 출신의 할머니가 시작해 3대째 계승되어온 개성만두 궁은 딸의 손을 거쳐 현재는 손녀가 운영하고 있다. 개성 만두의 특징은 무엇보다 크고 꽉 찬 속인데 이곳의 만두소는 배추와 숙주나물을 넉넉히 넣어 담백하고 삼삼한 맛이 일품이다. 만둣국과 떡국엔 양지를 고아 만든 육수를 사용하며 만두소는 매일 신선한 재료로 정성스레 버무린다. 단아한 한옥에서 건강한 음식의 맛을 즐길 수 있다.
Gejang,게장,Bib Gourmand,빕 구르망,Soy sauce-marinated crab and stylish décor don’t always go hand in hand but at Gebangsikdang they do. A collaboration between fashion marketer Bang Geon-hyuk and his parents veterans of the soy sauce marinated crab restaurant business Gebangsikdang caters to a trend-conscious crowd with its polished interior and its wide selection of raw crab dishes. For those who find it bothersome to eat crab on the shell there are options that come with just the crab flesh and crab roe on a mound of hot rice.,흡사 소담한 카페테리아나 베이커리를 연상시키는 외관과는 달리 이곳은 게장 전문점이다. 패션 마케터 방건혁 대표와 25년간 게장 전문점을 운영해온 부모님의 합작으로 탄생한 게방식당에선 게장이라는 한식 메뉴를 보다 다양한 고객층에게 선보이고자 노력한다. 이곳엔 간장게장과 양념게장 세트뿐만 아니라 좀 더 먹기 수월한 게알 백반 전복장 백반 새우장 백반까지 다양한 메뉴가 준비되어 있다. 세트에는 기본적으로 밥과 국 기본 반찬을 함께 제공하며 테이크아웃도 가능하다.
Dwaeji-gukbap,돼지국밥,Bib Gourmand,빕 구르망,The restaurant’s clean white signage says it all. Chef Park Chan-il’s dwaeji-gukbap or pork and rice soup looks and tastes unadulterated. Prepared simply by boiling black pork ham and Duroc pork shoulder cuts the clear broth is fragrant and profoundly flavorful. Although gukbap’ is commonly served with rice already mixed into the hot soup Park serves the two separately to preserve the taste of freshly steamed rice. The heaping of chopped chives added to the soup just before it is served renders the broth wonderfully aromatic.,광화문 국밥은 박찬일 셰프가 운영하는 돼지국밥 전문점으로 흰색 간판의 정갈한 이미지가 그의 음식과 꼭 닮아 있다. 흑돼지 엉덩이 살과 듀록 돼지 어깨 살로만 맛을 내는 이곳의 돼지국밥은 맑고 깨끗한 동시에 은은한 향과 깊은 맛을 자랑한다. 국밥이지만 국물과 밥을 따로 내는 이유는 갓 지은 밥맛을 최대한 살리기 위해서라고 한다. 거기에 넉넉하게 올려 내는 부추 고명이 육수에 향긋함을 더해준다. 편안하게 한 끼 식사를 즐기기에 안성맞춤인 곳이다.
Udon,우동,Bib Gourmand,빕 구르망,When one can hear the dull tap of a blade against a wooden board every time a customer places an order it’s a telltale sign that the chefs are serious about their craft. At Kyodaiya that craft is Sanuki udon. The thick noodles are always cut to order to preserve their characteristic elasticity and smoothness until the very last minute. In addition to the classic kake udon flavored with dried and smoked sardines and seasoned with light soy sauce the chef brothers also offer classics like tempura udon and chilled bukkake udon.,합정역 근처의 조용한 주택가에 들어서면 나무 도마에 탁탁탁 작두날 튕기는 소리가 경쾌하게 들려온다. 형제의 집을 뜻하는 교다이야는 두 형제가 운영하는 우동 전문점이다. 이곳에선 주문이 들어오는 대로 면을 써는 것을 원칙으로 한다. 면을 만들어놓으면 수분이 증발해 사누키 우동 특유의 매력을 느낄 수 없기 때문이다. 탱글탱글한 동시에 쫄깃하며 매끄러운 사누키 우동 면발 정어리 훈제 포와 연간장으로 맛을 낸 시원한 감칠맛의 국물. 늘 한결같은 이곳의 우동 맛은 두 사장의 뚝심 있는 모습과 닮아 있다.
Barbecue,바비큐,Bib Gourmand,빕 구르망,Sapporo-style lamb barbecue is the name of the game at Kyoyang Siksa which specializes in tender young lamb less than 10 months old. Flown in from Australia this meat is juicy and tender and the menu offers three cuts: French rack ribs and loin steak. These may be grilled tableside by the staff. Other solid dishes include soup curry with grilled vegetables and aromatic garlic rice served with small sheets of laver to wrap it in. Seating is limited so be sure to book ahead.,상호에서부터 궁금증을 유발하는 이곳은 이태원에 자리하고 있는 삿포로식 양갈비 전문점이다. 호주에서 10개월 미만의 양고기를 공수받아 어린 양 특유의 고소한 풍미와 부드러운 식감이 살아 있다. 기름기가 적고 고소한 프렌치 랙 쫄깃한 갈빗살 그리고 부드러운 알등심의 세 가지 부위를 맛볼 수 있다. 닭 육수를 베이스로 다양한 채소를 구워 곁들인 수프 카레와 향긋한 마늘밥 또한 꼭 먹어봐야 하는 메뉴다. 세련된 인테리어가 돋보이는 이곳은 다이닝 룸을 제외하면 10석 남짓의 바 좌석밖에 없기 때문에 예약은 필수다.
Dim,딤섬,Bib Gourmand,빕 구르망,Run by a Korean husband and Chinese wife Goobok Mandu is a no-frills establishment that specializes in Chinese-style dumplings. The couple prepare the dumplings from scratch based on an old family recipe passed down to them by her grandmother. The dumplings are freshly made to order each time. Try the restaurant’s signature pot stickers with their glorious wafer-thin web of crispy golden crust as well as the steamed xiao long bao.,한국인 남편과 중국인 아내가 운영하는 구복만두는 좋은 재료로 정성껏 빚은 맛있는 만두를 저렴한 가격에 즐길 수 있는 가격 만족도가 훌륭한 식당이다. 이곳의 대표 메뉴는 뜨거운 기름에 노릇하게 구운 후 자작하게 물을 부어 수분이 모두 증발할 때까지 찌는 일명 물에 튀긴 만두다. 스테디셀러인 샤오롱바오와 통새우 만두에 김치 만두도 별미. 테이크아웃도 가능하며 주류는 판매하지 않는다.
Barbecue,바비큐,Bib Gourmand,빕 구르망,Located along a main road in Sindang-dong Geumdwaeji Sikdang can be easily spotted by its gold-on-white-tile signage and the queue outside the door long after peak dining hours. The establishment serves up fine cuts of YBD pig a cross breed between Yorkshire Berkshire and Duroc. The texture of the pork is firm and meaty with a good balance of flavorful fat that renders the meat supremely juicy. Items are is cooked on a cast-iron grill over coal briquettes that help keep the temperature constant. The restaurant does not accept reservations.,신당동 길가에 자리한 흰색 타일에 황금색 간판이 눈에 띄는 금돼지식당은 식사 시간이 아닌데도 문밖으로 길게 줄 서 있는 풍경이 낯설지 않을 만큼 인기가 높다. 이곳의 대표는 살코기의 풍부한 육즙 탄력 있고 쫄깃한 식감 그리고 지방의 풍미가 잘 살아 있는 돼지 품종을 찾기 위해 오랜 시간을 투자했는데 그 답은 요크셔와 버크셔 그리고 듀록 돼지의 교배종인 YBD 돼지에 있었다고 한다. 갈비뼈가 붙어 있는 본삼겹과 등 목살 등의 특수 부위를 연탄불에 달군 주물 판에 구우면 고기가 타지 않고 맛있게 익는다. 그 흔한 돼지고기지만 한번 맛보면 절대 잊을 수 없을 것이다. 예약은 받지 않는다.
Naengmyeon,냉면,Bib Gourmand,빕 구르망,Tucked away in a small alley among densely populated office buildings that sees a constant stream of foot traffic the main building of this long-standing institution recently underwent a major facelift. A longtime favorite among patrons of all ages for its authentic Pyeongyang cold buckwheat noodles and beef hot pot Nampo Myeonok continues to charm with its consistently good food and friendly service. Chair seating and floor seating are both available.,남포면옥은 사람들의 발길이 끊기지 않는 오피스 빌딩 밀집 지역의 활기 넘치는 좁은 골목에 위치한 이북식 냉면집이다. 평양식 냉면 어복쟁반 전 요리를 전문으로 하는 남포면옥은 남녀노소를 불문하고 오랜 세월에 걸쳐 대중적인 사랑을 받아왔다. 늘 손님들로 분주한 분위기 속에서도 군더더기 없는 서비스와 한결같이 밝은 종업원들의 응대가 매력적인 남포면옥은 테이블식 좌석과 방석식 테이블의 룸으로 구성되어 있다.
Doganitang,도가니탕,Bib Gourmand,빕 구르망,For a soul-satisfying bowl of ox knee soup look no further than Daesungjip. Its reputation for quality and consistency has seen generations of loyal patrons come for the rich hearty signature so thick with ox knee cartilage that you can stand a spoon up in it. Take a bite of the slow-cooked cartilage doused in the special soy dipping sauce and all is right in the world. A long queue is the norm here but thankfully takeaways are also possible.,뽀얗고 맑은 국물에 고기가 붙은 도가니와 쫄깃한 힘줄이 풍성하게 들어 있는 대성집은 해장국집으로 시작해 현재 도가니탕 전문점이 되었다. 진한 국물 속에 가득 담겨있는 도가니에서 소박한 여유와 정감을 느낄 수 있다. 김치와 함께 밥을 가득 말아 특제 간장 소스에 찍어 먹으면 훌륭한 한 끼 식사가 된다. 국내산 식재료만을 고집했지만 수량이 모자라 현재는 미국산을 조금 섞어 사용한다. 늘 문전성시를 이루며 선택에 따라 포장도 가능하다.
Seolleongtang,설렁탕,Bib Gourmand,빕 구르망,In the realm of Korean comfort food there is little else more quintessential than seolleongtang — a hearty bowl of soup made by boiling ox bones and beef for hours until the broth turns almost milky white. Mapo Ok which opened its doors in 1949 makes its signature dish by boiling brisket and ox bones until slightly opaque. The ox bone soup is served with thick slices of tender brisket and rice already mixed into the piping hot broth. Ask for a side of kimchi juice to season your soup for that extra dimension of flavor.,고기와 국물을 선호하는 한국인에게 설렁탕만 한 음식이 또 있을까? 서울 설렁탕 중에서도 마포식 설렁탕은 국물이 뽀얗지 않고 맑은 편이다. 1949년에 개업한 마포옥은 양지와 차돌박이 사골로 곤 진한 국물에 두툼하게 썬 양지머리를 푸짐하게 올려 제공한다. 국물에 밥을 토렴해 내는 것도 이 집의 특징인데 무엇보다 소고기 국물의 고소한 감칠맛과 달달한 밥의 조화가 일품이다. 여기에 배추 겉절이 파김치 깍두기 등 다양한 김치를 제공한다. 이 외에도 차돌 수육을 넉넉하게 얹어주는 차돌탕도 추천한다.
Mandu,만두,Bib Gourmand,빕 구르망,Located in a trendsetting part of the city dominated by state-of-the-art fashion this restaurant has stood its ground for 30 years with a humble dish that has wooed the palates of countless people — dumpling soup. Mandujip specializes in Pyeongando-style dumplings filled with minced beef bean curd mung bean sprouts green onions and sesame oil. Each order comes with six large dumplings in a clear flavorful beef broth made with chunks of brisket.,고급 레스토랑이 즐비한 청담동 근방에서 30년 동안 만두 하나로 외길을 걸어온 만두집. 소박하고 정갈한 평안도 스타일의 만둣국이 이 집의 대표 메뉴로 레스토랑의 내부 또한 아담하고 깔끔하다. 돌아가신 어머니의 가업을 계승한 현 대표는 많은 이들의 사랑을 받았던 어머니의 손맛을 묵묵히 지켜내고 있다. 정성 들여 빚은 이곳의 만둣국은 깔끔하면서도 감칠맛 나는 양지머리를 삶은 육수에 매콤한 양념을 얹어 내므로 혹 매운맛을 선호하지 않는다면 주문 시 양념을 빼달라고 부탁하면 된다.
Jokbal,족발,Bib Gourmand,빕 구르망,At Manjok Oyhang Jokbal the beloved Korean braised pigs feet dish is impeccably crafted with the utmost dedication and care to hygiene and quality. The restaurant armed with a systematic central distribution system offers consistent quality at all of its franchised locations. Here the popular pork dish can be enjoyed warm until the very last piece thanks to the specially designed hotplates installed into the tables.,예로부터 한국인들의 대중적인 사랑을 받아온 족발을 최고의 맛으로 제공하자는 일념하에 달려온 만족오향족발은 철저한 위생 관리는 물론 중앙 공급 시스템과 통합 물류 시스템을 체계적으로 운영해 전 매장에서 균등한 품질의 족발을 제공한다. 국내 최초로 온족을 개발한 이곳은 묵묵히 한길을 걸어온 전문점답게 품질 만족도가 높은 편이다. 현재 세 곳의 직영점을 운영하고 있다.
Kalguksu,칼국수,Bib Gourmand,빕 구르망,Myeongdong Kyoja is a family-owned place in operation since 1966. The restaurant which offers only four items on the menu specializes in dumplings and noodle soup. An impressive number of patrons flock here daily largely because all the dishes including its signature garlic-laden kimchi are made in-house. Simple décor and service come with hefty portions at affordable prices. It has a sister operation in the same area of Myeong-dong.,1966년에 개점한 명동교자는 전통 조리법을 고수하는 칼국수 전문점으로 가족 경영 음식점이다. 선보이는 메뉴는 4가지 품목으로 단출하지만 만두와 칼국수는 오랫동안 이곳을 대중들에게 알린 대표 메뉴라 할 수 있다. 소박한 서비스와 인테리어 합리적인 가격 덕에 명동교자 밖에는 항상 손님들이 줄지어 문전성시를 이룬다. 한편 같은 구역에 본점과 동일한 메뉴를 제공하는 2호점을 운영하고 있다.
Soba,소바,Bib Gourmand,빕 구르망,The star of the show at Minami is Japanese-style soba noodles. Trained at the prestigious Tsuji Culinary Institute in Osaka Japan Chef Nam Chang-soo is no stranger to the world of Japanese cuisine but he professes that soba is his one true love. While respecting the time-honored traditions of Japanese-style buckwheat noodles Nam adds his own spin to the soba dishes he serves. Customer favorites include soba noodle soup topped with soy sauce-braised and grilled conger eel as well as another variety with soy sauce-braised herring imported from Kyoto.,일식 분야에서 다양한 경험을 쌓은 남창수 셰프의 소바 전문점 미나미. 무궁무진한 일식 요리 중 굳이 소바를 선택한 이유는 부지불식간에 메밀 면 특유의 은은한 매력에 빠졌기 때문이라고 한다. 그는 일식 소바의 오랜 역사와 전통을 존중하는 동시에 자신만의 개성이 묻어나는 다양한 소바 요리를 선보이고 있다. 그윽한 불 향의 간장조림 붕장어를 올린 아나고난방과 교토에서 직접 공수한 간장조림 청어를 올린 니신난방이 이곳의 대표 메뉴다. 소바 외에 생선구이와 튀김 요리 같은 단품 요리도 제공한다.
Soba,소바,Bib Gourmand,빕 구르망,Mimi Myeonga is a local favorite sought after by lovers of buckwheat noodles. Made in-house with an unconventional ratio of only three parts buckwheat Chef Jang Seung-woo’s noodles have an undeniably chewy texture while still maintaining the subtle nutty fragrance of buckwheat. There is something for everyone on the menu; in addition to the basic zaru soba customers can choose from a list of soba dishes that are served hot or cold featuring different broths and toppings that always hit the spot.,재치 있는 소바 요리로 손님들의 발길이 끊이지 않는 미미 면가. 이곳의 메밀 면은 쫄깃한 식감을 자랑하는데 메밀 함량 3할이라는 파격적인 비율 덕분이다. 그럼에도 불구하고 메밀의 구수한 풍미가 살아 있는 것을 보면 장승우 셰프의 노력과 고민의 흔적이 엿보인다. 이곳은 기본이 탄탄한 자루소바 외에도 형식에 구애받지 않는 다양한 메뉴가 인상적이다. 국수 한 그릇의 온도 국물과 고명에 따라 각각의 개성이 뚜렷한 소바 요리를 즐기고 싶다면 미미 면가로 향하자.
Memil-guksu,메밀국수,Bib Gourmand,빕 구르망,Located in the heart of Gwanghwamun Mijin has been serving Korean-style cold buckwheat noodles since 1952. The restaurant operates a factory in the basement where the dipping sauce and buckwheat noodles are prepared fresh daily. One portion comes with two stacked tray baskets of noodles a large kettle of chilled sauce and basic side dishes. Dress your dipping sauce to your desire with grated daikon light wasabi crispy seasoned laver and chopped green onions that have already been laid out on the table for you.,1952년부터 광화문 일대를 지켜온 터줏대감인 미진은 한국식 냉메밀국수 전문점으로 일본식 소바 쯔유보다 진한 맛의 간장 육수와 더 쫄깃한 식감의 메밀 면발을 선보인다. 식당 지하에 운영하는 공장에서 육수와 면을 직접 생산해 손님들에게 바로바로 제공한다. 한 주전자 가득 담긴 차가운 육수와 테이블마다 인심 좋게 제공하는 메밀국수 고명은 기호에 따라 가감이 가능하다. 숙주와 두부 신김치와 돼지고기 소로 채운 메밀전병 역시 이 집의 인기 메뉴인데 1인분의 반인 한 줄씩도 판매한다.
Dubu,두부,Bib Gourmand,빕 구르망,Located across the main road from Seoul Arts Center Baek Nyun Ok has been attracting loyal patrons including local performers and musicians in droves since 1992. This humble institution specializes in fresh homemade bean curd which is the central ingredient in a variety of dishes offered. These include plain soft bean curd and soft bean curd stew with nutty perilla seeds. The interior is simply decorated and offers both table and floor seating.,예술의전당 맞은편 도로변에 위치한 백년옥은 1992년 영업을 개시한 이래 많은 이들의 사랑을 받는 두부 요리 전문점이다. 세월이 고스란히 묻어나는 소박한 실내는 테이블석과 방석 자리로 나뉘어 있다. 두부 전문점답게 콩비지 되비지 신선한 순두부 등 여러 가지 수제 두부 요리를 선보인다. 손님들이 붐비는 식사 시간에 만석일 경우 백년옥에서 운영하는 오래된 칼국수 전문점 목천집(앵콜 칼국수)으로 자리를 옮기는 것도 좋은 방법이다.
Mandu,만두,Bib Gourmand,빕 구르망,Mandutguk or Korean dumpling soup is a dish that is deeply rooted in the day-to-day lives of Koreans. Owner Yoon Young-sook became acquainted with Hwanghaedo-style dumpling soup through her mother-in-law a native of Sariwon which is north of the border. To emulate the pure taste of the original dumpling filling Yoon says she follows her recipe to the tee and feels very proud when she hears customers say her dumplings remind them of their own grandmothers.,서민들의 일상에 깊숙이 자리매김한 한국의 대표적인 대중음식 중의 하나가 바로 만둣국이다. 이곳의 윤영숙 대표는 황해도 사리원 출신의 시어머니를 통해 자연스럽게 황해도식 만둣국을 접하게 되었으며 오랜 경험을 통해 터득한 깊은 맛을 고객들에게 전하고 있다. 그녀는 삼삼하고 깔끔한 맛의 만두소를 만들기 위해 오랫동안 시어머니의 비법을 고수하고 있다. 무엇보다 고향의 맛 혹은 어린 시절 할머니가 만들어주셨던 만둣국 맛이라는 평을 들을 때 뿌듯함을 느낀다는 윤 대표의 말에서 자부심이 느껴진다.
Naengmyeon,냉면,Bib Gourmand,빕 구르망,Famed for its authentic Pyeongyang cold buckwheat noodles and grilled spareribs Bongpiyang is operated by the local Byeokje Galbi barbecue restaurant franchise. These legendary noodles with a high buckwheat content are served in a flavorful chilled beef broth topped with slices of beef and fermented cabbage greens. Although cold buckwheat noodles are typically regarded as a seasonal dish enjoyed in the warmer months this restaurant is busy all year round.,벽제갈비에서 운영하는 봉피양의 본점으로 평양냉면과 돼지갈비가 유명한 곳이다. 하지만 봉피양의 명물은 뭐니 뭐니 해도 평양냉면이다. 무엇보다 진한 냉면 육수의 깊은 육 향과 은은한 향이 매력적인 순도 높은 메밀 면의 조화가 훌륭하다. 봉피양의 평양냉면이 지금의 명성을 얻기까지는 김태원 조리장의 숙련된 경험과 벽제갈비의 오랜 연구 및 노력이 있었다. 냉면의 특성상 계절을 타는 메뉴이기는 하나 늘 문전성시를 이루는 곳이라 식사 시간엔 기다려야 할 수도 있다.
Yukhoe,육회,Bib Gourmand,빕 구르망,Occupying a corner of the well-established raw beef alley of Gwangjang Market Buchon Yukhoe has been in business since 1965 originally started as Buchon Sikdang selling short rib soup. The founding matriarch’s original Jeollado Province-style raw beef seasoned with red chili paste gave way to the more popular Seoul-style in the 1980s seasoned with sesame oil and eaten with matchstick pears. Try the raw beef bibimbap for a more substantial meal. Locally sourced beef is delivered to the restaurant each morning.,국내 최초 사설 시장인 광장시장의 육회 골목 한편에 자리 잡고 있는 부촌육회. 1965년에 부촌 식당으로 개업한 이곳은 1980년대부터 갈비탕과 함께 전라도식 육회를 조금씩 선보이기 시작했다. 고추장 양념에 버무리는 전라도식 육회를 참기름과 배를 넣은 서울식 육회로 바꾼 이유는 손님들의 입맛에 맞추기 위해서다. 매일 아침 공급받는 신선한 국내산 쇠고기를 사용해 고소한 맛이 일품이다. 이곳에선 육회뿐만 아니라 육회 물회 육회 비빔밥 같은 메뉴도 선보여 한 끼 식사로 즐기기에도 더할 나위 없다. 광장시장의 활기찬 분위기는 덤이다.
Chinese,중식,Bib Gourmand,빕 구르망,Sandong Gyojakwan is helmed by Chinese-Korean Chef Dan Byeong-ho who learned the art of dumpling making from his parents at the tender age of ten. His restaurant specializes in Chinese-style dumplings prepared from scratch daily from the wrappers to the filling. Boiled and steamed dumplings each offer a different texture due to the difference in the thickness of the skin. Other items on the menu include Korean-Chinese staples like five-spice pork salad XO shrimp and stir-fried assorted delicacies. Seating is limited to four tables.,화교 출신의 단병호 셰프가 운영하는 산동 교자관은 압구정동에 위치한 중국식 수제 만두 전문점이다. 열 살 때부터 부모님께 만두 비법을 전수받았다는 단 셰프는 매일 직접 반죽해 만든 피로 정성껏 만두를 빚는다. 물만두와 찐만두의 경우 피 두께에서 차이가 나는데 이는 식감에 차별화를 두기 위해서라고 한다. 이곳에서 선보이는 물만두가 들어간 사천 훈둔탕은 간결하면서도 깊은 맛을 자랑하며 오향장육과 XO 새우 전가복 같은 요리도 맛볼 수 있다. 테이블 4개가 전부인 이곳의 식사 메뉴는 점심시간에만 주문이 가능하다.
Sujebi,수제비,Bib Gourmand,빕 구르망,This local haunt has been an integral part of Samcheong-dong’s history since 1982. The signature dish here is sujebi — rustic hand-pulled dough soup served in a savory anchovy broth. The restaurant is also known for its potato pancakes made with grated potatoes that are pan-fried until crispy on the outside and pleasantly chewy on the inside. Avoid the lunch rush if you don’t want to stand in line but be warned — the restaurant is always busy.,삼청동의 역사와 떼려야 뗄 수 없는 삼청동 수제비는 1982년 영업 개시 이래 한자리를 꾸준히 지켜오고 있다. 이곳은 동네 만년 단골손님은 물론 입소문을 듣고 찾아오는 손님들 덕에 늘 문전성시를 이룬다. 이곳의 대표 메뉴인 잡내 없는 깔끔한 멸치 육수에 띄운 얇게 떼어낸 수제비는 부드러운 맛을 자랑하며 100% 감자만을 이용해 만든 쫄깃한 감자전 또한 또 다른 인기 메뉴다. 줄 서서 기다리기 싫다면 가장 붐비는 정오부터 오후 2시 사이는 피하는 것이 좋지만 그래도 언제나 늘 만원이다.
Barbecue,바비큐,Bib Gourmand,빕 구르망,Located on Embassy Row in Hannam-dong Semegae is a bustling establishment that specializes in chicken grilled over oak charcoal. The restaurant’s signature cut is the boneless chicken neck — the muscle that wraps around the neck and runs all the way down to the spine. The carefully filleted meat is served partially grilled and comes in three different versions: lightly salted marinated in soy sauce or marinated in spicy sauce. Grab a soft tortilla and pile on the grilled chicken and vegetable side dishes.,한남동 대사관로 오르막길에 위치한 세미계는 참숯 닭갈비 구이 전문점으로 초벌구이해서 내오는 부들부들한 닭갈비와 고소한 치즈 뚝배기가 맛있는 곳이다. 또한 닭의 특수 부위도 다양하게 맛볼 수 있는데 이곳의 베스트셀러는 닭 목살이다. 흔히 떠올리는 뼈만 앙상한 닭의 목이 아닌 목부터 등까지 발골한 살코기로 만들어 쫄깃한 식감을 자랑한다. 푸짐하고 맛깔스러운 반찬을 닭 살과 함께 토르티야에 싸 먹는 재미도 쏠쏠하다.
Thai,타이,Bib Gourmand,빕 구르망,Thai cuisine meets natural wine at this new location of Soi Mao. The word mao is Thai for inebriated a nod to the restaurants focus on natural wine. The first floor offers a simplified menu while the second floor offers a more extensive list of dishes intended to be enjoyed with wine. Bestsellers include the sweet and spicy grilled pork shoulder crispy Thai spring rolls and tom yum noodles. The supremely aromatic and pungent nature of Thai cuisine and the flavor carnival of natural wines prove to be surprisingly complementary.,소이연남마오는 태국 음식 전문점 소이연남에서 운영하는 또 다른 음식점이다. 취하다를 뜻하는 태국어 마오를 붙여 내추럴 와인을 즐길 수 있는 차별화된 공간이라는 점을 부각시켰다. 1층에서는 면과 쌀 요리 등 간단한 식사 주문이 가능하고 2층에서는 와인과 함께 곁들일 수 있는 다양한 요리를 만날 수 있다. 태국 특유의 강렬한 맛과 향이 와인과 잘 어울릴까 의구심이 들 수도 있겠지만 감칠맛과 산미가 두드러지는 내추럴 와인은 개성 강한 태국 음식과 좋은 궁합을 이룬다. 숯불의 풍미가 매력적인 부드러운 닭꼬치 매콤달콤 항정살 구이 속을 알차게 채워 바삭하게 튀겨 낸 태국식 춘권 뽀삐아 똠얌 누들 등이 인기 메뉴다.
Soba,소바,Bib Gourmand,빕 구르망,Chef Kang Yeong-cheol has for long studied and developed the soba-making craft with the sole aspiration to serve the same outstanding soba as can be tasted in the birthplace of the dish The chef spent many years in Japan where he became enamored with the pure taste of soba; and it is this love that propelled him on his culinary journey. In Subaru soba for the day’s meals are freshly made in the traditional way. He sticks to the classic ni-hachi-style version which consists of two parts wheat and eight parts buckwheat. The signature dishes include zaru soba which boasts a clean and pure taste; soba with umami-rich duck meat and green onion; as well as soba with perilla oil.,소바의 본고장과 다름없는 맛을 구현하여 고객에게 최고의 소바를 제공하겠다.는 철학으로 끊임없는 연구와 개발을 지속해온 강영철 셰프. 오랜 일본 생활에서 경험한 소바의 순수한 맛에 매료되어 지금까지 소바를 위한 한길을 걷고 있다. 강영철 셰프는 별도의 제면실을 두고 전통 방식으로 그날그날 소바 면을 뽑는데 밀과 메밀의 비율을 2:8로 맞춘 니하치 스타일의 소바를 고수한다. 소바의 순수한 맛이 강점인 자루 소바를 비롯해 깊은 감칠맛의 오리 메밀과 들기름 메밀이 스바루에서 가장 인기 있는 대표 메뉴이다.
Memil-guksu,메밀국수,Bib Gourmand,빕 구르망,The not-so-secret secret to the longevity and success of Yangyang Memil Makguksu is that its noodles are made with 100% buckwheat and that they are made to order every time. The proprietor of the restaurant began his business many years ago for one reason only - buckwheat noodles were his favorite food. Although the restaurant specializes in the Gangwon-do Province-style cold buckwheat noodles it also makes a fine bowl of spicy noodles composed with homemade kimchi. The basic spread is simple but it’s rustic food at its best made with love.,100% 순수 메밀만을 사용하고 주문을 받은 후에 제면 작업을 시작하는 것을 원칙으로 하는 것이 양양 메밀 막국수의 비결이라면 비결이다. 십 수년간 메밀 막국수 식당을 운영해온 이유도 대표 자신이 막국수를 너무 좋아해서라고. 메밀 막국수가 대표 메뉴지만 직접 담근 김치를 이용한 김치 비빔국수 또한 이곳의 별미다. 기본 상차림은 단출하지만 정성이 가득하고 무엇보다 주력 메뉴인 막국수 맛이 변함없이 훌륭하다. 11월 김장철에는 열흘간 영업을 하지 않으니 참고하기 바란다.
Thai,타이,Bib Gourmand,빕 구르망,Thai cuisine devotees rejoice as this restaurant is as close as it gets to the real deal in Seoul. The Thai-owned establishment is run by three Thai chefs who serve up a miscellany of authentic Thai fare from various regions of their native Thailand. The signature dishes include Poo Nim Pad Pong Karee stir-fried softshell crab in a creamy yellow curry sauce,이태원로 대로변 건물 3층에 위치한 어메이징 타이는 태국인 오너와 태국 출신 셰프 세 명이 정통 태국 음식의 진수를 선보이는 곳으로 한국에서 쉽게 접할 수 없는 태국의 다양한 향토 요리를 맛볼 수 있다. 크리미한 옐로우 커리 게 요리 뿌님 팟 퐁가리 세계 3대 수프로 꼽히는 똠양꿍 통후추가 듬뿍 들어간 매콤한 게 요리 뿌님 팟 프릭 타이 담 코코넛 밀크와 닭고기 새우 등이 들어간 똠 얌 수프 같은 이곳의 대표 메뉴를 통해 강렬한 맛과 향이 조화롭게 어우러지는 태국 현지의 맛을 경험할 수 있다.
Bulgogi,불고기,Bib Gourmand,빕 구르망,Three generations spanning five decades have kept this restaurant in business since its opening in 1962. At the time their iconic crispy thin-sliced bulgogi grilled over open flames was all that was offered on the menu. The dish became so popular that the name bassak bulgogi was patented. Today the restaurant stands four stories high still serving the same dish that has fed generations. Their coagulated beef blood soup with a clear broth is another stunner.,1962년에 역전식당으로 시작해 90년대에 역전회관으로 상호를 변경한 50년 전통의 한식 레스토랑. 이곳의 명물은 국물 없이 바삭하게 즐기는 바싹 불고기로 메뉴명을 특허청에 등록한 바싹 불고기의 원조라 할 수 있다. 활활 타오르는 센 불에 구웠지만 촉촉한 육즙과 부드러운 식감이 그대로 살아 있는 고기에 달지 않은 양념 맛이 일품으로 보통 맛과 매운맛 중 선택이 가능하다. 이곳은 4층 건물 전체를 사용하므로 넓은 공간에서 편안한 식사를 즐길 수 있지만 그래도 저녁 시간에는 예약하고 올 것을 추천한다.
Ramen,라멘,Bib Gourmand,빕 구르망,Foreign foods are not always embraced by local diners. In fact authenticity is often shunned by many due to its sheer foreignness.  But for chef Shin Dong-woo years of experience in the ramen business has led him to success and he did it by introducing the authentic flavors of Japanese ramen to local consumers. The restaurant’s tori paitan ramen with its rich velvety-smooth chicken stock and the shoyu ramen clean yet deeply flavorful are good examples of Shin’s ramen know-how. The fresh noodles and stocks are prepared in the kitchen daily.,국내에서 외국 음식의 대중화는 곧 현지화의 성공을 의미한다. 진입 장벽이 낮은 대중음식의 경우 더욱더 그러하다. 신동우 셰프는 오랜 시간에 걸쳐 축적한 라멘 비즈니스 노하우로 정통성과 대중성이라는 두 마리 토끼를 모두 잡았다. 진한 닭 육수가 매력적인 토리파이탄과 깔끔하면서도 깊은 맛을 자랑하는 쇼유 라멘에서 그가 추구하는 색깔이 뚜렷이 드러난다. 신 셰프는 라멘의 생명인 육수와 면을 매일매일 만들어내며 끊임없는 테스팅으로 품질 유지에 심혈을 기울인다. 스스로에게 떳떳한 라멘을 만들고 싶다는 그의 말에서 자부심이 엿보인다.
Naengmyeon,냉면,Bib Gourmand,빕 구르망,This family-owned establishment has been in business since 1953 serving their specialty Hamheung cold buckwheat noodles. They are typically made from potato starch which gives the extra thin noodles their distinct chewy texture unlike the thicker and less springy Pyeongyang cold buckwheat noodles. The signature dish to try here is spicy buckwheat noodles served with a sweet and spicy sauce cold beef slices and a halved boiled egg.,최근 몇 년 동안 각광받고 있는 평양냉면과는 또 다른 매력으로 사랑받아온 함흥식 냉면 전문점. 2015년 11월에 재단장을 마친 오장동 함흥냉면은 1953년 개업한 이래로 지금까지 한자리를 꾸준히 지켜온 오랜 역사를 지닌 가족 경영 음식점이다. 이곳의 간판 메뉴는 함흥식 냉면의 특징을 제대로 살린 매콤함에 감칠맛까지 더한 이 집의 특제 양념으로 조리한 비빔냉면이다. 오랫동안 냉면 애호가들의 사랑을 받아온 소박하지만 정성이 가득 담긴 함흥냉면을 즐기기에 제격인 곳이다.
Dwaeji-gukbap,돼지국밥,Bib Gourmand,빕 구르망,With his take on dwaeji-gukbap Chef Ok Dong-sik has managed to singlehandedly change any preconceptions the local diners previously had about the hearty pork and rice soup dish Koreans hold near and dear to their hearts. Think bacon-thin slices of silky tender pork meat piled on a bed of rice all submerged in his trademark consommé-like clear broth. The extra large portion comes with double the amount of meat. The space is limited and only 100 bowls of gukbap are sold daily so get here early.,돼지국밥에 대한 선입견을 완전히 뒤엎어버린 옥동식. 이곳의 돼지국밥 또는 돼지 곰탕은 지리산 버크셔 K 흑돼지의 앞다리와 뒷다리 살만을 고아 육수가 유난히 맑은 것이 특징이다. 한소끔 김을 뺀 밥과 80%만 익혀 얇게 썬 고기를 방짜유기에 담은 후 뜨거운 육수를 부으면 고기는 마저 익고 육수는 더 깊게 우러나 담백하면서도 진한 감칠맛을 낸다. 특곰탕은 고기 양이 두 배다. 10석밖에 없는 작은 공간에 1일 100그릇만 한정 판매하고 있으니 방문을 서두르기 바란다.
Chueotang,추어탕,Bib Gourmand,빕 구르망,Since 1932 Yonggeumok has been offering piping hot bowls of loach soup a popular local dish believed to boost energy especially during the summer months. This restaurant serves two different versions of the hearty and comforting soup: the chunkier Seoul style with whole loach and the smoother Jeolla province style with ground loach. Everything on the menu as well as the complimentary side dishes are prepared daily by the longtime owner and chef Han Jeong-ja.,1932년에 영업을 개시한 오랜 전통의 추어탕 전문점 용금옥. 종로구에 위치한 한정자 대표의 용금옥은 중구의 용금옥과 한 뿌리를 두고 있으나 현재는 각자의 길을 걷고 있다. 한국의 대표적 보양식인 추어탕을 사시사철 제공하는 이곳에선 서울식 통추어탕과 삶은 미꾸라지를 갈아 넣은 남도식 추어탕을 함께 선보인다. 좋은 재료로 정성껏 준비하는 모든 음식에는 오랜 세월 용금옥을 지켜온 주인장의 애정 어린 손맛이 고스란히 담겨 있다. 계절을 불문하고 많은 이들의 사랑을 받고 있는 따뜻한 추어탕 한 그릇이 아련한 추억을 선사한다.
Naengmyeon,냉면,Bib Gourmand,빕 구르망,Lauded as one of the best Pyeongyang cold buckwheat noodle restaurants in the city Woo Lae Oak has been serving consistently stellar food since 1946. The family-operated establishment is tucked away in the back alleys of Euljiro 4-ga a bustling business hub. The restaurant interior is spacious and spotlessly clean. Indulge in their legendary Pyeongyang cold buckwheat noodles served in broth or in a spicy sauce and their bulgogi grilled tableside.,서울 시내 최고의 평양식 냉면 전문점 중 하나로 손꼽히는 우래옥은 1946년 개업한 이래 꾸준히 전통을 이어오고 있는 유서 깊은 레스토랑이다. 이 집의 대표 메뉴는 전통 평양냉면과 불고기. 오랜 세월에 걸쳐 습득한 노하우와 국내산 재료만을 사용하는 뚝심으로 한결같은 맛을 자랑하는 냉면과 고품질의 한우를 제공한다. 레스토랑 내부가 상당히 넓은 편이라 많은 손님들이 몰리는 바쁜 시간에도 효율적인 좌석 배치가 가능하지만 그럼에도 문 앞엔 항상 긴 줄이 늘어서 있다.
Memil-guksu,메밀국수,Bib Gourmand,빕 구르망,For over 50 years this family-run eatery has been serving bowls of noodles to those seeking comforting nourishment. The fresh buckwheat noodles one of its bestsellers are made from scratch daily using premium salt from Bigeumdo Island in Sinan County and buckwheat flour from Bongpyeong. Topped with seasoned vegetables thin strips of egg garnish and a dollop of sweet and spicy sauce a bowl of these noodles makes for a satisfying meal. Garak-guksu wheat noodles in piping hot broth comes with a generous serving of fishcake.,서소문동에서 50년 이상 영업을 이어온 오랜 역사를 지니고 있는 유림면. 1980년에 지금의 자리로 이전해 3대째 운영하고 있는 가족 경영 식당이다. 이곳에선 신안의 비금도 소금과 봉평 메밀만을 이용해 면을 직접 만드는데 미리 숙성시켜 놓은 면을 주문과 동시에 삶아 낸다. 김민경 대표는 이렇게 숙성 과정을 거친 면은 글루텐 형성이 최소화되어 식감이 훨씬 부드럽고 소화가 잘 된다고 설명한다. 메뉴 중 나물과 지단 그리고 달콤한 양념을 올려 내는 비빔 메밀국수는 든든한 한 끼 식사로 충분하다. 또한 깔끔한 국물이 매력적인 메밀국수와 어묵을 푸짐히 담아 내는 가락국수도 이곳의 인기 메뉴다.
Udon,우동,Bib Gourmand,빕 구르망,Inaniwa Yosuke specializes in authentic handmade Inaniwa-style udon a top three variety in Japan together with Sanuki-style and Mizusawa-style udon. The restaurant is the Seoul branch of the Sato Yosuke chain in Japan. Inaniwa-style udon is the thinner and flatter cousin of the Sanuki-style version ubiquitous to Korea. The texture of the former is soft while being pleasantly chewy with a distinct springiness. The chilled seiro udon served with sesame tsuyu and soy sauce tsuyu is one of the establishment’s timeless bestsellers.,일본의 대표적인 면 요리인 우동. 일본의 3대 우동이라 불리는 사누키 미즈사와 이나니와 우동은 각각 개성이 뚜렷한 면발로 사랑받아왔다. 이나니와 우동은 우리나라에 가장 널리 알려진 통통한 면발의 사누키 우동과는 달리 면이 가늘고 납작하며 식감은 부드럽고 쫄깃한 동시에 기분 좋은 탄력을 자랑한다. 수작업으로 만들어지는 이나니와 요스케 우동은 건면으로 생산하는데 사흘의 작업 기간이 소요된다. 일본 사토 요스케의 서울 분점으로 현지의 맛을 그대로 즐길 수 있으며 그중 참깨 쯔유와 간장 쯔유를 곁들여 먹는 차가운 세이로 우동의 인기가 높다. 저녁엔 좀 더 다양한 요리와 함께 사케를 즐길 수 있다.
Seolleongtang,설렁탕,Bib Gourmand,빕 구르망,Still going strong after more than 100 years of being in business Imun Seolnongtang was the first eatery in Korea to officially register for a restaurant license when it opened in 1904. To this day it honors the tradition of boiling ox bones for 17 hours until the broth turns rich and opaque. Other cuts of beef are later added to the intensely flavorful broth served with a generous portion of sliced beef and soft wheat noodles.,1900년대 초 한국의 첫 음식점으로 공식 기재된 종로구 견지동의 이문설농탕. 100여 년이 넘는 역사를 자랑하는 이곳은 오래전 최초로 개업했을 당시 사용했던 설농탕이라는 이름을 지금까지 고수하고 있다. 큰 무쇠솥에 17시간 동안 사골을 고아 기름을 말끔히 제거한 후 남은 뽀얗고 맑은 국물 맛이 이 집의 자존심이라 할 수 있다. 전성근 대표는 좋은 재료로 대중음식점에 걸맞은 단순하지만 맛있는 음식을 제공하는 것이 목표라고 말한다. 원하는 고기 양에 따라 보통 혹은 특을 선택할 수 있다.
Korean,한식,Bib Gourmand,빕 구르망,Ilhochic — whose goal from day one has been to serve great-tasting food that is also healthful and aesthetically pleasing — is located in Sounds Hannam a cultural complex on Embassy Row in Hannam-dong. Although the space is smaller than its previous location the food it serves is as substantial as ever and is chock-full of high-quality seasonal produce. Lunch offerings consist of set menus while dinner options include both set menus and à la carte choices to accompany drinks. A great option for those seeking a tasty nutritious meal made with care.,좋은 맛뿐만 아니라 건강에도 유익하고 보기에도 좋다는 의미를 담고 있는 일호식. 복합 문화공간 사운즈 한남에 터를 잡은 일호식은 예전에 비해 공간은 작아졌지만 제공하는 음식은 여전히 알차고 건강하다. 점심 메뉴가 정식 위주로 구성되어 있다면 저녁 메뉴에는 술과 함께 곁들일 수 있는 한상 차림과 안주가 준비되어있다. 위에 부담을 주지 않는 깔끔한 한 끼 식사를 원한다면 일호식을 추천한다.
Kalguksu,칼국수,Bib Gourmand,빕 구르망,Since 1988 this restaurant has been proving that a humble bowl of noodle soup can be truly memorable when done right. The pleasant texture of their hand-cut noodles prepared daily from scratch and immensely comforting broth served piping hot and packed with flavor from the clams in all their naturally sweet glory are stellar. Other favorites include Pyeongyang jumbo sized dumplings and noodles in cold soybean soup. Simple but warm service.,1988년에 문을 열어 30년 이상의 긴 역사를 자랑하는 임병주 산동 칼국수. 몇 달간의 공사를 거쳐 3층의 현대식 건물로 외양을 바꾸고 돌아왔다. 매일 신선한 재료로 직접 만들어내는 수제 칼국수를 찾는 사람들은 여전하다. 기분 좋은 쫄깃한 식감과 푸짐하게 들어간 조개에서 우러나온 시원한 국물 맛이 일품이다. 더불어 평양식 왕만두 고소한 콩국수 물고추를 갈아 만든 겉절이까지 여전히 맛있는 음식을 즐길 수 있다.
Mandu,만두,Bib Gourmand,빕 구르망,For over two decades this restaurant has been attracting diners with a rustic dumpling recipe passed down from the owner’s mother and her grandmother. Although humble by nature dumpling dishes are always elegantly presented. Their signature dish is mandutguk: plump pork bean curd and vegetable dumplings nestled in a delicate beef broth seasoned with homemade soy sauce. The main dining room offers a spectacular view of nearby Inwangsan Mountain.,할머니와 어머니의 요리 솜씨를 이어받은 박혜경 대표의 자하 손만두. 1993년부터 부암동을 지켜온 만두 전문점으로 박 대표가 살던 집을 개조해 만든 레스토랑이다. 이 집 만둣국의 특징은 일체의 조미료를 배제하고 직접 담근 조선간장으로 맛을 낸 삼삼한 국물에 있다. 국내산 밀가루로 만든 쫄깃한 만두피도 빼놓을 수 없다. 정성껏 준비한 건강한 음식을 푸짐하게 대접하고자 하는 자하 손만두의 소신이 느껴지는 대목이다. 한편 단아한 내부와 인왕산의 절경이 한눈에 들어오는 훌륭한 조망도 이 집의 매력을 한층 높여준다.
Noodles,국수,Bib Gourmand,빕 구르망,A combination of Chinese characters for heart meat noodles and restaurant make up the four-syllable name Jeongyukmyeonche. The cozy space which only offers bar seating facing the open kitchen is the brainchild of a group of friends who wanted to launch an eatery that focuses on a wide array of noodle dishes. Although Chinese and Southeast Asian flavors dominate the menu at present the owners say the plan is to eventually introduce noodle dishes from other cultures as well. Signature dishes include beef noodle soup and noodles dressed with zhi ma jiang a savory paste made with crushed sesame seeds.,정육면체(情肉麵體)는 각각 마음과 고기 국수 식당을 뜻하는 한자를 조합해 만든 이름이다. 오로지 다양한 면 요리를 선보이고 싶어 친구들끼리 의기투합하여 만든 작은 공간이다. 사골과 소고기를 장시간 고아 만든 육수가 베이스인 우육면 땅콩과 깨를 갈아 넣은 고소한 즈마장을 곁들인 깨부수면이 이곳의 간판 메뉴다. 현재는 동남아식 면 요리와 중식 위주의 메뉴를 제공하고 있지만 점차 다른 문화권의 면 요리도 선보일 예정이라고 한다. 식당에서 직접 뽑은 생면의 쫄깃한 식감이 돋보이는 재기 발랄한 면 요리를 즐길 수 있는 곳이다. 전 좌석이 오픈형 주방을 에워싸고 있는 카운터석이다.
Naengmyeon,냉면,Bib Gourmand,빕 구르망,When a restaurant continues to attract large crowds of hungry diners then it is doing something right. The proprietor of Jungin Myeonok has had just one goal since day one — to continue the legacy of his parents for as long as he can using only the best ingredients. The establishment’s legendary Pyeongyang cold buckwheat noodles are based on a tightly guarded family recipe handed down to him by his parents who both hail from North Korea. The room gets packed quickly during lunch service especially during the warmer months.,좋은 품질의 식재료와 변함없는 맛에 대한 정인면옥 대표의 고집이 냉면 한 그릇에 고스란히 담겨 있다. 북한 출신 부모님의 존함에서 한 자씩 따온 식당 이름도 전통을 계승하고자 하는 그의 의지의 반영이다. 2014년 서울 여의도로 이전 오픈한 이곳은 현재 광명시에 있는 정인면옥과는 별개로 운영되고 있다. 직장인들이 많은 여의도에 위치한 까닭에 점심시간에는 어느 정도 대기 시간을 감안해야 한다. 아롱사태 수육 암퇘지 편육과 접시 만두는 반 접시만도 주문이 가능하다.
Naengmyeon,냉면,Bib Gourmand,빕 구르망,According to owner and chef Yim Se-kwon 20 years of experience in the kitchens of one of the most iconic Pyeongyang cold buckwheat noodle restaurants is the secret to the success of this place. The menu here is what you would expect to see in a typical cold buckwheat noodle restaurant. Other than the noodles it offers staples such as boiled pork and beef slices bulgogi dumplings and Pyeongyang-style beef hot pot.,유명 평양냉면 식당에서 쌓은 20년의 경험과 노력의 결과물이 바로 진미 평양냉면이라 말하는 임세권 셰프. 고객이 만족할 만큼 맛있는 냉면을 만드는 것이 그의 첫 번째 목표이고 언제 찾아도 한결같은 맛을 즐길 수 있게 일관성을 유지하는 것이 두 번째 목표라고 한다. 다른 어떠한 요소 없이 오직 맛으로만 승부하고 싶다는 그의 마음가짐에서 20년 냉면 장인의 고집스러움이 느껴진다. 냉면 외에도 편육 제육 불고기 같은 냉면집 단골 메뉴를 비롯해 접시 만두와 어복쟁반 온면도 맛볼 수 있다.
Chinese,중식,Bib Gourmand,빕 구르망,For over 40 years Chef Wang Yuk-sung has been committed to popularizing Chinese cuisine in Korea. Unlike most generic Korean-style Chinese restaurants ubiquitous to Seoul Chef Wang offers a limited menu of just ten dishes to ensure that the quality of the food he serves is consistently high. Some of the most requested dishes include shrimp toast stir-fried crab meat with egg white mapo tofu and stir-fried beef with gai lan. There are other locations of Jin Jin in Seoul.,중식의 대중화를 위해 40년 동안 힘써온 왕육성 셰프의 차이니즈 레스토랑. 방대한 메뉴가 일반적인 중식당의 패러다임에서 벗어나 10 가지의 단출한 메뉴를 선보이는 이유는 맛과 품질을 일관되게 유지하기 위해서라고 한다. 고품격 요리를 합리적인 가격에 맛볼 수 있는 진진의 대표 메뉴로는 멘보샤 대게살 볶음 마파 두부 카이란 소고기 볶음 등을 꼽을 수 있다. 현재 서교동 본점 외에 여러 곳의 분점을 운영하고 있다.
Barbecue,바비큐,Bib Gourmand,빕 구르망,Webfoot octopus is a beloved spring delicacy but this restaurant has been serving them all year round since 1976. Here it is served marinated in a bright red sauce that is mildly sweet and spicy. Grilled over charcoal the slightly charred morsels of octopus have a delightfully smoky flavor. The popular mixed platter comes with an order of webfoot octopus and fan mussels. Lively atmosphere.,어린 시절 한정식 레스토랑을 운영하셨던 어머니의 영향으로 식당을 운영하게 되었다는 현 대표가 1976년에 문을 연 충무로 쭈꾸미 불고기. 이곳은 숯불에 구운 주꾸미 불고기 메뉴로 40년 동안 외길을 걸어온 충무로의 명물로 한 끼 식사 또는 안주로 여전히 많은 이들의 사랑을 받고 있다. 이 집의 특제 주꾸미 양념은 마력의 소스라 불릴 만큼 감칠맛이 있고 또 맛있게 맵다. 주꾸미와 키조개 관자를 함께 내오는 모둠도 이곳의 인기 메뉴다. 식사의 마무리로는 매콤한 쭈꾸미 야채 볶음밥을 추천한다.
Thai,타이,Bib Gourmand,빕 구르망,Authenticity is the name of the game at Tuk Tuk Noodle Thai a collaborative effort between a local Korean owner and a native Thai chef to bring the real flavors of Thailand to Korea. The components that make up a typically Thai meal — the colors textures scents flavors and the ambience — are present from start to end. If you want to feel the authentic taste and aroma of Thailand try Thai sausages or spicy and sour larb moo – stir-fried minced pork. While you are tasting the dishes the joy of your daily life will increase by a span.,현지에서 경험할 수 있는 정통의 맛을 국내에서도 즐길 수 있다는 것은 참으로 반가운 일이다. 임동혁 사장과 태국인 셰프가 의기투합해 오픈한 툭툭 누들 타이는 바로 이러한 취지로 탄생한 태국 음식 전문점이다. 이곳에선 레몬 그라스와 고수 라임과 코코넛 밀크 등 태국 음식에서 빠질 수 없는 재료를 이용해 특유의 시큼 달달한 맛의 음식을 선보인다. 셰프의 넉넉한 인심과 태국 현지의 분위기를 느낄 수 있어 더욱 매력적인 이곳에서 파란색 툭툭(Tuk Tuk)과 함께 이국의 정취를 느껴보길 바란다.
Italian,이탤리언,Bib Gourmand,빕 구르망,In a city where a plate of pasta is as ubiquitous as a bowl of kalguksu it takes a good dose of creativity and knowledge of the genre to be recognized for one’s craft. Chef Lee Jong-hyuk is armed with both. FAGP is a casual restaurant that offers a simple yet inventive menu with a focus on the relatively humble pasta. There is a genuine sense of conviviality here which comes as no surprise as the chef says he revels in engaging with his customers while cooking in the open kitchen.,가족의 영향으로 어린 시절부터 자연스럽게 요리 인생을 꿈꿔온 이종혁 셰프. 국내외에서 다양한 경험을 쌓은 그가 팩피를 오픈하며 셰프로서 새롭게 출발했다. 이곳에선 대중적인 파스타 장르를 자신만의 창의적인 감성으로 풀어낸 간결하면서도 개성 넘치는 메뉴를 선보인다. 오픈 주방에서 고객과 소통하며 요리하는 순간이 무척이나 행복하다는 이 셰프. 팩피를 찾는 모든 고객이 편안하고 행복하게 식사를 즐길 수만 있다면 그걸로 만족한다는 그의 바람이 잘 투영된 공간이다.
Dubu,두부,Bib Gourmand,빕 구르망,This long-standing restaurant has thrived for decades serving kongbiji a hearty peasant stew made from puréed soybeans. The founding matriarch of the establishment is still very much present cooking alongside her daughter to this day. The soybean stew here is made with soybeans ground to a smooth paste in a traditional stone grinder resulting in a stew that is creamy and nutty. The self-serve side dishes that come in small pots are always generous.,평양 출신의 할머니가 수십 년간 운영해온 비지 전문점 피양콩 할마니. 두부를 빼지 않은 되비지를 맛볼 수 있는 곳으로 피양은 평안도 사투리로 평양을 의미한다. 딸과 함께 운영하는 이곳에선 맷돌로 직접 간 콩만을 사용하며 일체의 조미료를 넣지 않은 건강식을 선보인다. 콩비지와 피양 만두가 이곳의 대표 메뉴지만 할머니가 옛날 방식을 고수하며 만들어내는 비지전골 또한 이 집의 역사를 느낄 수 있는 특별한 메뉴다. 반찬은 손님들이 먹고 싶은 만큼 덜어 먹을 수 있게 준비돼 있다.
Naengmyeon,냉면,Bib Gourmand,빕 구르망,Located near Namsangol Hanok Village by Chungmuro subway station this restaurant is a Pil-dong landmark that has been serving Pyeongyang cold buckwheat noodles for decades. The restaurant’s chilled broth has a delicate beef flavor its subtlety both loved and disputed among cold buckwheat noodle aficionados. Another highlight of the restaurant is the buttery and tender boiled pork slices served in thick slices with a dipping sauce. Homemade dumplings are also popular.,중구 필동에 자리하고 있는 남산골 한옥마을 인근의 평양냉면 레스토랑. 내로라하는 평양냉면 전문점 중 하나인 필동면옥은 오랜 세월 많은 이들에게 사랑받아왔다. 자칫 특징 없이 밍밍하다고 느낄 수 있을 만큼 깔끔한 맛을 자랑하는 이곳 육수에서 나는 섬세한 육 향과 은은한 감칠맛에 중독되어 단골이 된 손님들도 많다고. 두툼하면서도 부드럽고 촉촉한 돼지 수육은 이 집의 또 다른 명물이다. 정통 평양냉면을 선보이는 곳들 중에서도 특유의 섬세함을 가장 잘 표현해낸다는 평을 받는 곳이기도 하다.
Gomtang,곰탕,Bib Gourmand,빕 구르망,This beloved family-owned culinary landmark located on a busy side street in Myeong-dong has been serving rustic bowls of beef bone soup since 1939. The version here is served in traditional brass bowls with rice already submerged in the hot soup. The broth is pure and rich with an unmistakable sweetness that can only result from boiling large amounts of beef for a long period of time. This old-fashioned no-fuss eatery opens early in the morning and closes when its soup vats run dry.,1939년부터 한결같은 맛으로 명성을 유지해온 명동의 터줏대감 하동관. 오랜 세월의 노하우가 고스란히 담긴 이곳의 곰탕은 깔끔하면서도 깊은 맛을 자랑한다. 곰탕 한 그릇에 양지 내포 양 등 소의 다양한 부위를 골고루 푸짐하게 내오는 것이 이 집의 특징이다. 맑은 고깃국물에 밥을 토렴해 내오는 곰탕에 다진 파를 넉넉하게 얹어 서울식 깍두기와 함께 먹으면 든든한 한 끼 식사로 그만이다. 분주한 아침과 점심시간에는 줄 서서 기다려야 하며 다른 손님들과 합석하는 경우도 빈번하다. 이곳은 그날 준비한 분량을 모두 소진하면 영업을 종료한다. 계산은 선불제이고 포장도 가능하다.
Jokbal,족발,Bib Gourmand,빕 구르망,The original matriarch who opened this restaurant is still the heart and soul of the kitchen which has been dishing up legendary pork backbone stew and boiled pig’s feet since 1975. Chili powder is the only spicy agent used to add the pleasant kick to the taste. It’s a common sight to see Mrs. Mun walking around showing her patrons how to eat her food the right way. ,1975년 문경자 할머니가 내자동에서 창업한 후 2006년에 현재 위치로 이전했다. 여타 다른 곳과는 달리 고춧가루로 매운맛을 내기 때문에 잡내 없는 깔끔한 맛을 느낄 수 있다. 감자탕도 깻잎과 들깻가루가 아닌 콩나물과 부추만을 사용해 시원하고 알싸한 맛이 일품이다. 여전히 주방 일을 도맡아 하시는 할머님이 테이블마다 돌아다니며 맛있게 먹는 법을 설명해주신다. 지방과 살이 많은 뒷다리와 지방은 적지만 부드러운 앞다리 중 선택은 자유다. 양도 푸짐하므로 여러 명이 함께 가길 추천한다.
Gomtang,곰탕,Bib Gourmand,빕 구르망,Hapjeongok is a restaurant born of nostalgia. As they were reminiscing one day on the father-in-law’s beef bone soup and boiled beef slices the latter suggested to his daughter-in-law that they should open a beef bone soup restaurant. The establishment stays true to the inspiration — deeply flavorful beef broth rice rendered soft and sweet in the piping hot soup tender slices of beef and a generous serving of boiled offal. The restaurant’s cabbage soybean paste soup is also a must try. Only around 100 portions of soup are served daily so go early.,합정옥의 시작은 시아버지께서 손수 끓여 드시던 곰탕과 수육 맛에서 비롯됐다. 시아버지가 훗날 대표가 된 며느리에게 곰탕집 한번 차려볼까?라고 말한 것이 계기가 되어 오늘에까지 이르게 된 것. 진한 국물과 은은한 육 향 토렴해 내오는 달달한 밥과 야들야들한 소고기 그리고 내포까지 이곳 음식은 푸짐함을 미덕으로 삼고 있다. 또한 구수한 된장국에 달큰한 배추속대를 넣어 끓인 속댓국의 시원한 맛도 일품이다. 하루에 탕 100인분 정도만 준비하며 재료 소진 시엔 영업을 종료한다.
Udon,우동,Bib Gourmand,빕 구르망,Chef Park Sang-hyeon is a well-respected master of the udon craft. At his Nonhyeon-dong location Park continues to serve up bowls of thick silky-smooth home-made udon noodles with their characteristic firmness and elasticity. If youre unsure of what to order go for his signature tempura bukkake udon. The plump bouncy noodles and the freshly fried light crispy tempura make for a delicious mouthful when dipped in the umami-rich tsuyu sauce.,삼전동 시절 이미 유명세를 떨쳤던 우동의 달인 박상현 셰프의 논현동 우동 전문점 겸 제면소. 통통한 우동 면발을 한입 가득 베어 물면 매끈하면서도 탄력 있는 사리의 기분 좋은 식감과 씹을수록 은은하게 퍼지는 단맛을 동시에 즐길 수 있다. 현우동의 대표 메뉴는 덴푸라 붓카케 우동이다. 굵직하고 탱탱한 면발과 갓 튀겨 낸 바삭하고 폭신한 튀김이 감칠맛 가득하면서도 섬세한 쯔유와 절묘한 조화를 이룬다.
Kalguksu,칼국수,Bib Gourmand,빕 구르망,No matter what time of day always expect to see a line outside this beloved establishment known for their humble noodle soup and dumplings. Originally called Bukchon Kalguksu when it opened in 2001 it changed its name in 2014 but that hasn’t stopped the regulars from coming time and again for its freshly made dumplings and silky-soft noodles served in a rich ox bone broth. Boiled beef slices and noodles in cold soybean soup are also popular.,하루 종일 길게 줄을 서는 이곳은 칼국수와 만두 전문점이다. 2001년에 북촌 칼국수로 시작해 2014년에 황생가 칼국수로 상호를 변경했지만 예나 지금이나 맛있는 사골 칼국수와 만두를 먹기 위해 이곳을 찾는 손님들의 발걸음은 여전하다. 입구에서 잰 손놀림으로 만드는 왕만두는 매일 아침 시장에서 선별한 신선한 재료로 그때그때 빚어 더없이 신선하다. 부드러운 칼국수의 면과 깊은 사골 육수의 맛이 일품이고 옛날식 수육과 여름 한철 선보이는 콩국수도 별미이니 꼭 한번 맛보길 바란다.
